Name,Forks,Watchers,Contributors,Commits,Branches,Open Issues,Closed Issues,Open PRs,Closed PRs,Stargazers,Size,Language,Has Issues,Has Projects,Has Downloads,Has Wiki,Has Pages,Has Discussions
freeCodeCamp,31973,8444,4708,33024,13,147,16673,62,32864,366270,397835,TypeScript,True,False,True,False,True,False
free-programming-books,55128,9666,2510,8340,24,29,899,13,8295,279174,16790,,True,False,True,False,True,False
996.ICU,21415,4261,641,3189,1,,,20,1926,265793,188163,,False,False,True,False,False,False
coding-interview-university,67629,8599,289,2357,1,44,348,11,875,257474,20575,,True,False,True,False,False,False
awesome,25641,7514,557,1089,2,24,301,41,1866,253787,1461,,True,False,True,False,True,False
developer-roadmap,33872,6851,606,3181,39,282,799,115,2256,239448,1482409,TypeScript,True,False,True,True,True,False
public-apis,27194,3852,1266,4527,2,46,417,147,2813,239231,4948,Python,True,False,True,False,False,False
system-design-primer,39090,6474,118,329,2,181,74,198,284,220032,11187,Python,True,True,True,True,False,False
react,43261,6629,1618,15806,68,986,11262,290,13259,207396,321007,JavaScript,True,True,True,True,True,False
vue,33714,5997,358,3547,13,370,9596,264,2143,203574,31925,TypeScript,True,True,True,True,False,False
build-your-own-x,19605,4491,100,515,1,169,381,116,201,200838,965,,True,False,True,False,False,False
tensorflow,88297,7722,3371,147878,69,1942,35261,208,22748,174468,937506,C++,True,True,True,False,False,False
javascript-algorithms,27895,4384,199,1097,1,111,208,200,471,169832,13236,JavaScript,True,False,True,False,False,False
awesome-python,23134,5796,400,1639,2,,,334,1458,167781,6728,Python,False,False,True,False,True,False
You-Dont-Know-JS,32533,5960,180,1892,5,83,826,49,825,167774,12512,,True,True,True,False,False,False
CS-Notes,50166,5382,231,3776,1,119,441,60,541,164135,116174,,True,True,True,True,True,False
bootstrap,78440,6819,1359,22400,77,297,21639,109,14462,163542,235810,JavaScript,True,True,True,False,True,True
ohmyzsh,25253,2667,2182,6895,1,206,4244,412,6433,158841,11342,Shell,True,True,True,True,False,True
Python,40076,5939,959,2797,6,24,1225,136,6856,158582,13424,Python,True,True,True,True,False,True
flutter,25329,3555,1197,34822,546,11397,70730,171,43753,153314,258050,Dart,True,True,True,True,False,False
linux,48135,8160,14172,1185343,1,,,310,451,151292,4403060,C,False,True,True,False,False,False
gitignore,84203,3350,1253,3528,8,,,403,3810,147887,2356,,False,False,True,False,False,False
vscode,25672,3231,1837,108758,745,6604,149400,405,20727,146159,865952,TypeScript,True,True,True,True,False,False
computer-science,17956,5486,132,998,5,16,593,0,396,139100,1204,,True,True,True,True,False,False
the-art-of-command-line,13569,2839,163,1210,2,106,130,115,453,136090,2673,,True,True,True,False,False,False
Python-100-Days,49095,6178,12,372,7,497,102,184,135,135849,310266,Python,True,True,True,True,False,False
javascript,25375,3833,491,1949,5,93,1155,66,1360,133771,3619,JavaScript,True,False,True,True,True,False
JavaGuide,43942,4557,402,4708,2,66,816,0,1070,133613,161000,Java,True,True,True,True,False,True
awesome-selfhosted,7564,2011,1196,6047,11,54,723,49,2759,131408,15240,Makefile,True,True,True,False,False,False
Auto-GPT,26499,1441,281,1926,29,514,1126,285,1341,130631,6873,Python,True,True,True,True,True,True
youtube-dl,8990,2205,790,18716,9,3825,22174,910,3935,120284,64866,Python,True,True,True,False,True,False
fucking-algorithm,22308,2359,106,424,2,318,442,4,431,116021,124343,Markdown,True,True,True,True,False,True
30-seconds-of-code,11478,2645,307,8931,1,0,277,0,1487,111466,592945,JavaScript,True,True,True,True,False,False
go,16510,3462,1974,56546,56,7977,47929,346,2626,111277,348930,Go,True,True,True,True,False,True
react-native,23251,3652,2475,27599,95,1699,22640,293,12358,109545,857875,Java,True,True,True,True,True,False
electron,14648,2894,1202,27302,215,806,17492,99,19190,107398,137443,C++,True,True,True,False,False,False
next.js,23870,1379,2636,15812,180,1627,14588,281,15485,106067,1837143,JavaScript,True,False,True,False,False,True
d3,23311,3739,123,4355,26,6,2134,0,1114,105292,42392,JavaScript,True,False,True,True,False,True
free-programming-books-zh_CN,27507,5932,123,922,1,,,27,424,102386,1236,,False,False,True,False,False,False
project-based-learning,14350,2241,104,570,1,17,57,21,307,102252,438,,True,True,True,True,False,True
awesome-go,10939,2749,1729,4555,2,2,575,138,4098,101418,10149,Go,True,False,True,False,False,True
axios,10309,1197,417,1450,10,386,3810,52,1311,100138,12315,JavaScript,True,True,True,False,False,True
create-react-app,26359,1952,897,2800,14,1573,6482,430,3733,99763,23405,JavaScript,True,True,True,False,True,True
transformers,20437,1008,1816,12855,171,531,11062,165,11505,99584,142228,Python,True,True,True,True,False,False
kubernetes,36097,3236,3427,116066,50,1664,41379,779,73951,98291,1194198,Go,True,True,True,False,False,False
the-book-of-secret-knowledge,7259,2106,100,1066,1,,,39,196,97505,3479,,False,False,True,False,False,False
node,25872,2893,3230,38922,56,1279,14706,439,29928,95352,1054650,JavaScript,True,True,True,False,False,True
three.js,34644,2557,1755,41580,12,368,11340,132,14032,91696,1277988,JavaScript,True,False,False,True,True,False
TypeScript,11748,2152,718,34789,266,6006,31101,277,15896,91183,2107281,TypeScript,True,True,True,True,False,False
tech-interview-handbook,11825,1904,140,1252,3,16,56,1,505,90569,32034,TypeScript,True,False,True,True,False,True
PowerToys,5260,1106,366,6590,59,4832,16685,26,4385,90536,323938,C#,True,True,True,True,False,False
deno,4855,1466,816,9300,66,1259,6574,95,10275,89367,108271,Rust,True,False,True,True,False,True
nodebestpractices,9224,1851,225,3810,96,26,279,19,899,89160,70080,Dockerfile,True,True,True,False,False,False
terminal,7770,1309,364,3608,445,1430,9830,44,3575,88733,132412,C++,True,True,True,True,False,True
angular,23573,3037,1720,27044,112,1239,23975,197,23792,88125,459824,TypeScript,True,True,True,False,False,True
material-ui,29787,1359,2752,21851,46,1276,16089,198,18812,86669,380200,TypeScript,True,True,True,False,False,True
ant-design,39525,206,1897,25158,18,908,25648,87,13964,85847,157732,TypeScript,True,True,True,True,True,True
scrcpy,8583,1135,111,2106,361,1328,2260,40,327,83511,5456,C,True,True,True,True,False,False
puppeteer,8927,1196,460,3504,24,271,5720,11,4045,83180,472694,TypeScript,True,False,True,False,True,False
vue-element-admin,29698,2211,123,1019,16,1187,2337,103,472,82280,15436,Vue,True,True,True,True,True,True
clean-code-javascript,11128,1848,112,546,1,57,81,27,246,82081,520,JavaScript,True,True,True,True,False,False
java-design-patterns,25064,3823,347,3454,6,183,663,16,1632,81833,30752,Java,True,False,True,True,False,False
rust,10776,1485,4361,224208,6,8911,39489,694,62202,81449,921681,Rust,True,True,True,False,False,False
storybook,8448,955,1699,50378,365,2038,8697,100,10312,78541,671173,TypeScript,True,True,True,False,False,True
animate.css,16436,2270,123,662,13,27,821,26,768,77784,1778,CSS,True,True,True,False,True,True
thefuck,3355,835,183,1636,2,213,456,74,593,77382,4031,Python,True,True,True,True,False,False
models,46251,2780,805,9016,64,1029,6080,169,3566,75776,612965,Jupyter Notebook,True,True,True,True,False,False
stable-diffusion-webui,14295,677,406,4382,18,1875,3156,53,1755,74820,30110,Python,True,True,True,True,False,True
awesome-chatgpt-prompts,9421,998,72,395,1,,,262,208,74368,624,HTML,False,False,True,False,True,False
realworld,6902,1554,76,881,17,52,460,15,588,74336,36176,TypeScript,True,True,True,False,False,True
laravel,23712,4459,639,6895,17,,,1,4514,73429,10633,PHP,False,False,True,False,False,False
LeetCodeAnimation,13919,2590,15,246,1,17,42,1,74,73103,509807,Java,True,True,True,True,False,False
papers-we-love,5162,3054,246,862,1,4,204,0,501,72092,230560,Shell,True,False,True,False,False,False
Font-Awesome,12422,1382,3,13,6,5339,13531,31,634,71422,110561,JavaScript,True,True,True,True,False,True
every-programmer-should-know,6764,2003,81,282,2,24,18,21,141,70709,301,,True,True,True,True,False,False
django,29202,2273,2389,31705,26,,,139,16664,70603,238154,Python,False,False,True,False,False,False
FiraCode,2985,704,116,580,2,360,910,4,176,70051,88596,Clojure,True,True,True,True,False,True
advanced-java,18289,2614,37,731,1,2,137,0,114,69964,33645,Java,True,False,True,False,True,True
free-for-dev,7601,1567,1394,5083,1,,,4,2779,69872,7013,HTML,False,False,True,False,True,False
Web-Dev-For-Beginners,10899,2576,205,1608,5,12,222,62,704,69619,87472,JavaScript,True,False,True,True,True,True
bitcoin,34222,3933,910,37480,5,346,7085,288,18778,69517,232989,C++,True,True,False,False,False,False
opencv,55298,2643,1476,32896,6,2367,7317,108,13708,68780,516913,C++,True,False,True,True,False,False
HelloGitHub,8978,2767,11,156,1,103,2359,0,31,68769,4451,Python,True,True,True,False,False,True
gin,7434,1367,393,1683,13,511,1514,178,1380,68651,3222,Go,True,False,True,False,False,False
awesome-vue,9334,2148,2139,5020,9,29,186,14,3755,68566,13003,,True,True,True,False,False,False
tailwindcss,3516,595,268,5158,62,8,2835,7,2201,68293,95651,HTML,True,False,True,False,False,True
svelte,3310,873,590,7099,26,758,4238,53,3346,67699,90560,TypeScript,True,True,True,True,False,False
frp,11459,1568,91,1069,4,112,2648,2,656,67409,27830,Go,True,True,True,False,False,False
spring-boot,38602,3381,988,42704,16,605,28776,37,5648,67216,166957,Java,True,True,True,True,False,False
hugo,7176,1071,762,7506,33,612,5849,70,4270,67047,114520,Go,True,True,True,False,False,False
nvm,7203,964,337,2131,31,315,1646,58,962,67001,3307,Shell,True,False,True,False,False,False
json-server,6582,1013,76,872,9,571,474,86,271,66833,3761,JavaScript,True,True,True,False,False,False
pytorch,18309,1648,2736,60143,21517,11026,22520,906,66705,66753,1293337,Python,True,True,True,True,False,False
mall,26789,2224,1,954,2,28,431,7,99,66069,57964,Java,True,True,True,True,False,False
moby,18670,2957,2211,46097,12,3899,18016,322,22981,65905,197151,Go,True,True,True,True,False,True
neovim,4639,981,988,25993,8,1395,8328,303,13520,65834,246384,Vim Script,True,True,True,True,False,False
Front-End-Checklist,6243,1468,113,697,2,6,138,0,292,65104,2870,,True,False,True,False,True,True
Awesome-Hacking,8504,3711,23,115,1,,,6,86,64870,165,,False,False,True,False,False,False
app-ideas,8398,1803,68,536,9,76,38,281,277,64664,614,,True,True,True,True,False,False
iptv,360,1738,228,26012,7,520,5602,6,5959,64655,109855,JavaScript,True,False,True,False,True,True
elasticsearch,23082,2692,1812,68724,222,3629,28488,473,63230,63750,1077052,Java,True,True,True,False,False,False
reveal.js,16517,1694,307,2964,4,650,1586,88,923,63743,21151,JavaScript,True,True,True,True,True,True
tauri,1710,471,252,3355,63,438,2149,76,3345,63431,75116,Rust,True,True,True,False,False,True
webpack,8737,1499,771,15883,86,190,9305,105,6094,63050,59024,JavaScript,True,True,True,False,False,True
netdata,5520,1377,536,15448,27,245,7079,73,7386,63029,134057,C,True,True,True,False,False,True
flask,15642,2135,700,5066,8,0,2499,0,2399,62931,10207,Python,True,False,True,False,False,True
swift,10073,2516,999,150791,408,5795,7844,697,47914,62689,987529,C++,True,False,True,False,False,False
GitHub-Chinese-Top-Charts,8925,2218,1,558,1,114,150,7,10,61730,46857,Java,True,True,True,True,False,False
godot,11311,1475,2053,54078,11,7862,34011,1693,32502,61279,1278472,C++,True,True,True,False,False,False
express,10461,1721,299,5771,8,113,3621,55,1099,60847,9138,JavaScript,True,False,True,True,False,True
Chart.js,11848,1374,464,4437,7,243,6573,13,3677,60577,42299,JavaScript,True,True,True,False,False,True
awesome-mac,5834,1421,483,1892,6,98,262,40,820,60526,10595,JavaScript,True,True,True,True,True,False
core,23142,1362,3209,62127,111,2228,36259,555,53460,60436,449723,Python,True,True,True,False,False,False
code-server,5040,709,197,3557,20,274,2943,4,1632,60333,52241,TypeScript,True,True,True,False,False,True
resume.github.com,1406,346,52,263,6,51,59,12,171,59926,411,JavaScript,True,True,True,True,True,False
redis,22532,2573,664,11711,80,1873,4130,511,5423,59852,131655,C,True,True,True,False,False,True
interviews,12562,2614,30,445,6,31,21,79,84,59774,24091,Java,True,True,True,True,False,False
redux,15403,1299,952,3768,9,36,1961,12,2424,59564,28256,TypeScript,True,False,True,False,True,True
atom,18347,2633,495,38533,140,968,16155,32,5249,59386,330585,JavaScript,True,False,True,False,False,True
protobuf,14999,2071,935,11739,253,682,4864,214,6870,59334,124892,C++,True,True,True,True,True,False
angular.js,28121,3823,1703,9073,22,391,8648,76,7923,59174,101744,JavaScript,True,True,True,True,False,False
awesome-machine-learning,14026,3337,581,1863,2,0,82,2,843,58837,2535,Python,True,False,True,False,True,False
markdown-here,11416,1053,12,807,12,296,308,26,56,58796,16027,JavaScript,True,True,True,True,True,False
keras,19336,1918,1126,8165,159,290,11424,99,6269,58337,35768,Python,True,True,True,True,False,False
socket.io,10185,1545,212,1974,22,109,3222,9,827,58221,17183,TypeScript,True,True,True,False,True,True
architect-awesome,17699,3307,37,307,1,46,21,16,63,57994,3080,,True,True,True,True,False,False
fastapi,4836,629,467,2829,13,17,3307,491,1783,57835,17105,Python,True,True,True,True,False,True
mermaid,4589,606,443,7460,138,823,1532,26,1872,57504,221479,JavaScript,True,True,True,True,True,True
jquery,20775,3222,282,6612,5,68,2177,15,2828,57459,32351,JavaScript,True,False,False,True,False,True
ansible,23341,1952,5477,53694,50,668,30741,323,48802,57339,242764,Python,True,True,True,False,False,False
Front-end-Developer-Interview-Questions,10880,2276,222,951,5,4,126,3,641,57081,5056,Nunjucks,True,False,True,False,True,True
the-algorithm,11731,342,3,26,1,137,647,193,304,56871,6489,Scala,True,True,True,False,False,False
nocode,4671,377,1,4,1,3875,619,461,138,56773,5,Dockerfile,True,True,True,True,False,False
nest,6881,718,384,13323,152,50,4705,45,6514,56551,287659,TypeScript,True,True,True,True,False,False
shadowsocks-windows,16461,2475,75,1718,5,131,2722,10,474,56500,13485,C#,True,True,True,True,False,True
lodash,6916,854,310,8005,8,336,3787,164,1162,56318,47581,JavaScript,True,True,True,True,False,False
vite,4986,405,777,5653,42,394,5329,139,4330,56173,33963,TypeScript,True,True,True,False,False,True
33-js-concepts,7849,1264,122,611,2,16,36,53,220,56069,858,JavaScript,True,True,True,True,False,False
cs-video-courses,7910,1774,87,327,2,13,103,3,162,55829,518,,True,True,True,True,False,False
awesome-react,6717,1504,610,1973,1,2,92,1,1241,55428,2471,,True,False,True,False,False,False
grafana,10817,1270,1990,42790,2911,3183,26654,381,35738,55325,778132,TypeScript,True,True,True,False,False,True
awesome-interview-questions,7566,1600,142,449,4,5,29,17,208,55229,1096,,True,True,True,True,False,False
echarts,19468,2004,201,9069,27,2178,14721,117,1529,55157,227281,TypeScript,True,True,True,True,False,False
github-readme-stats,16512,246,259,751,37,88,898,181,1285,55123,2063,JavaScript,True,True,True,False,False,True
Apollo-11,6835,1333,183,537,2,61,316,75,422,54786,2964,Assembly,True,True,True,True,False,False
html5-boilerplate,12211,2559,249,2459,5,3,1299,4,1578,54473,22577,JavaScript,True,False,True,True,False,True
gatsby,10532,771,3968,21395,258,71,13803,57,21509,54438,1114023,JavaScript,True,True,True,False,False,True
javascript-questions,7734,1252,188,1292,2,6,210,4,470,54330,3743,,True,True,True,True,False,False
scikit-learn,24269,2155,2658,29957,32,1573,8547,611,14843,54222,153050,Python,True,True,True,True,False,True
awesome-public-datasets,9297,2268,157,760,2,62,47,60,276,54143,989,,True,False,True,False,False,False
stable-diffusion,8416,483,8,33,1,425,166,62,64,53911,43676,Jupyter Notebook,True,True,True,True,False,False
clash_for_windows_pkg,6413,580,3,38,2,252,3890,1,13,53900,42830,,True,False,True,True,False,False
strapi,6527,660,881,30074,78,286,7482,89,7821,53694,423062,JavaScript,True,True,True,False,True,False
HowToCook,7698,367,314,2106,3,342,257,20,613,53436,402206,HTML,True,False,True,False,True,True
element,14550,1341,603,4599,7,2263,15192,259,4770,53350,91788,Vue,True,True,True,True,True,True
cpython,26791,1489,2280,116965,6,6695,56520,1501,39179,52811,567226,Python,True,True,True,False,False,False
rails,21112,2380,4756,87594,77,383,15930,460,31177,52810,260045,Ruby,True,True,True,False,False,False
fzf,2184,381,229,2356,6,265,2117,59,670,52178,4920,Go,True,False,True,True,False,True
superset,10589,1468,928,13392,636,1164,7957,232,13069,51937,449897,TypeScript,True,True,True,True,True,True
syncthing,3762,991,291,7086,33,307,4807,16,3726,51852,125294,Go,True,True,True,True,False,False
Java,17247,2240,478,1857,1,0,815,4,3090,51846,3530,Java,True,False,True,False,False,False
spring-framework,36133,3377,727,26642,18,1246,22186,186,4064,51787,191761,Java,True,True,True,True,True,False
hoppscotch,3520,468,203,4794,25,111,885,14,1837,51389,67575,TypeScript,True,True,True,True,False,True
design-resources-for-developers,10468,956,397,2059,1,1,84,0,1194,51349,4906,,True,True,True,True,False,False
Best-websites-a-programmer-should-visit,6809,1283,278,1144,4,37,70,774,756,51337,1894,,True,True,True,True,True,False
manim,5303,857,146,5774,14,360,704,9,772,51236,75750,Python,True,True,True,True,True,True
awesome-for-beginners,6235,1254,281,462,1,14,110,80,1067,51187,498,,True,False,True,False,False,False
leetcode,9304,1341,79,1746,5,5,241,1,303,51167,145862,JavaScript,True,True,True,True,False,True
awesome-nodejs,5651,1657,347,844,1,0,98,22,1066,51083,1529,,True,False,True,False,False,True
tesseract,8541,1671,164,6226,10,377,2128,19,1513,50943,52740,C++,True,True,True,True,False,False
Semantic-UI,5102,1320,208,6747,33,957,5251,112,766,50566,113055,JavaScript,True,True,True,True,False,True
DeepLearning-500-questions,15549,2312,107,1275,1,102,80,5,334,50527,207074,JavaScript,True,True,True,True,True,False
playwright,2533,396,405,10546,21,772,9032,12,11692,50498,150505,TypeScript,True,False,True,False,False,True
normalize.css,10993,1511,45,360,3,43,456,32,356,50321,379,CSS,True,False,True,False,True,False
react-router,10020,821,880,6072,23,40,6966,18,2864,50298,21701,TypeScript,True,False,True,False,False,True
funNLP,12617,1482,10,147,1,11,47,4,19,50197,137830,Python,True,True,True,True,False,False
supabase,3726,445,733,19441,360,217,1957,57,5630,50074,1130693,TypeScript,True,True,True,False,False,True
requests,9085,1353,623,6152,6,210,3561,75,2320,49524,12841,Python,True,False,True,True,False,False
ionic-framework,13641,1630,452,12847,106,467,20376,22,6349,49003,1058081,TypeScript,True,False,True,True,False,True
Ventoy,3408,604,96,1006,1,418,1386,39,365,48731,211841,C,True,True,True,True,False,True
ML-For-Beginners,9902,860,122,1533,3,,,9,414,48290,179658,Jupyter Notebook,False,False,True,True,True,True
face_recognition,12923,1576,52,238,8,695,577,27,188,48231,103959,Python,True,True,True,True,False,False
prometheus,8142,1137,787,11171,144,615,4445,288,6665,48147,164192,Go,True,True,True,True,False,True
excalidraw,4080,284,240,3076,102,877,1631,157,3698,48075,42585,TypeScript,True,True,True,False,False,True
material-design-icons,9618,1835,30,209,5,209,1038,2,150,48044,1778238,,True,True,False,False,True,False
PayloadsAllTheThings,12572,1665,237,1745,2,,,5,551,47666,16698,Python,False,True,True,False,True,False
obs-studio,6862,1434,554,12782,10,365,2701,234,5274,47591,68673,C,True,True,True,True,True,True
imgui,8448,1029,332,7341,13,719,4076,136,967,47491,98305,C++,True,False,True,True,False,True
guava,10537,2430,286,6053,24,633,2810,107,1571,47452,419774,Java,True,True,True,True,True,False
moment,7139,869,593,3980,37,210,3836,61,1972,47367,20992,JavaScript,True,True,True,False,False,False
you-get,9217,1367,223,2512,3,,,120,925,47332,3752,Python,False,True,True,True,True,False
yt-dlp,3884,353,1119,21671,3,992,3936,188,1765,47247,44224,Python,True,True,True,True,True,True
caddy,3627,814,204,1660,27,71,3331,18,1947,47211,16985,Go,True,False,True,False,False,False
scrapy,9985,1782,518,9783,41,481,2321,253,2813,47176,24601,Python,True,True,False,True,False,False
bulma,3946,604,385,1729,19,190,2273,168,954,47143,102227,CSS,True,True,True,True,True,False
awesome-courses,7990,2292,135,554,2,31,38,15,250,47134,1401,,True,True,True,False,True,False
localstack,3575,522,468,4407,70,321,4136,50,3747,47107,26647,Python,True,True,True,True,True,False
tabby,2825,419,108,5661,70,1379,2809,52,3538,47042,90674,TypeScript,True,True,True,True,True,True
RxJava,7684,2250,291,6028,8,16,3110,5,3770,47005,139728,Java,True,True,True,True,True,False
awesome-flutter,6331,1590,312,1812,2,,,53,861,46728,3290,Dart,False,False,True,False,True,False
jekyll,10082,1420,1008,11639,56,92,4594,112,4257,46640,55898,Ruby,True,True,True,True,True,True
alacritty,2774,463,384,2105,55,327,4538,15,1990,46630,12513,Rust,True,False,True,True,False,False
SecLists,22977,1852,236,1595,1,25,190,12,611,46542,908394,PHP,True,True,True,True,False,False
hacker-scripts,6729,2136,51,150,1,37,39,32,111,46506,105,JavaScript,True,False,True,False,False,False
awesome-android-ui,10298,2822,72,459,2,11,92,13,215,46318,871781,,True,True,True,True,False,False
awesome-cpp,6975,2043,363,1662,2,343,182,75,705,46298,2167,,True,False,True,True,True,True
git,25063,2386,1603,70156,7,,,137,1155,46220,227359,C,False,False,True,False,False,False
prettier,3875,424,628,8430,14,938,5066,233,8372,45568,107531,JavaScript,True,True,True,True,False,True
nuxt,3911,784,453,4140,40,817,11007,53,3734,45276,103387,TypeScript,True,True,True,False,False,True
anime,3653,740,51,736,5,183,495,18,136,45140,49045,JavaScript,True,True,True,True,True,False
awesome-scalability,5034,1765,21,1159,1,,,15,66,45094,1458,,False,False,True,False,True,False
faceswap,12299,1514,87,1723,6,19,786,4,499,44872,201849,Python,True,True,True,False,True,False
big-list-of-naughty-strings,2138,856,72,273,1,61,30,36,123,44828,330,Python,True,True,True,True,False,False
serverless,5584,959,1027,15662,14,973,4972,65,5217,44723,96898,JavaScript,True,False,True,False,False,True
kotlin,5524,1469,584,101176,3456,,,147,4954,44681,1948346,Kotlin,False,False,True,False,False,False
docusaurus,6936,373,1039,5577,30,232,2391,61,5360,44596,245042,TypeScript,True,True,True,False,True,True
tldr,3629,364,2088,11834,54,155,926,70,8985,44184,20099,Markdown,True,True,True,True,False,True
learn-regex,6255,904,99,327,3,49,35,18,159,44062,1073,,True,True,True,True,False,False
DefinitelyTyped,29070,663,16222,83928,10,681,7199,203,55316,43981,963661,TypeScript,True,True,True,False,False,True
okhttp,9099,1638,267,5373,30,161,3653,7,3850,43969,48637,Kotlin,True,False,True,False,True,False
nerd-fonts,3321,385,163,2045,39,12,747,4,371,43820,20994814,CSS,True,True,True,True,True,True
meteor,5240,1575,695,33783,1564,186,8683,51,3485,43467,120145,JavaScript,True,True,True,True,False,True
d2l-zh,9073,987,249,4096,4,,,29,1229,43446,316821,Python,False,False,True,False,False,False
new-pac,8254,1456,1,1536,1,355,1044,0,3,43419,1238,,True,True,True,True,False,False
etcd,9237,1339,767,19712,15,161,6029,64,9461,43397,75159,Go,True,True,True,False,False,True
cypress,2830,621,438,19626,2034,2645,10120,38,6523,43347,756781,JavaScript,True,False,True,False,True,True
rich,1558,542,217,3760,23,98,982,38,923,43260,49971,Python,True,True,True,True,False,True
devops-exercises,9589,973,147,711,1,11,52,7,280,43201,4658,Python,True,True,True,True,True,True
Ghost,9377,1050,479,34036,82,34,6530,81,10050,43140,234466,JavaScript,True,False,True,False,False,False
dayjs,2169,281,304,1454,7,590,761,137,808,43062,5900,JavaScript,True,True,True,True,True,False
traefik,4605,675,739,4717,22,598,4793,18,4434,43027,119869,Go,True,True,True,True,True,False
awesome-ios,6771,1837,872,6330,14,0,462,4,2648,42815,13400,Swift,True,False,True,False,False,False
algorithm-visualizer,6863,1244,24,667,26,31,74,27,223,42805,21541,JavaScript,True,True,True,True,False,False
v2rayN,8033,627,41,995,1,18,3286,0,203,42766,30454,C#,True,False,True,True,False,True
TensorFlow-Examples,15140,2067,66,250,6,162,69,56,112,42746,10242,Jupyter Notebook,True,True,True,True,False,False
architecture-samples,11493,2419,57,807,23,123,331,65,393,42650,13309,Kotlin,True,True,True,True,False,False
AdminLTE,18081,2010,186,2626,14,64,2696,20,2127,42488,131598,JavaScript,True,True,True,False,False,True
pdf.js,9371,1105,362,17239,1,328,8627,14,7393,42459,134429,JavaScript,True,True,True,True,True,False
v2ray-core,8688,1380,89,5389,14,21,2497,13,530,42413,55238,Go,True,False,True,False,False,False
node,935,226,13,36,2,1,13,2,34,42355,2579,Shell,True,True,True,True,False,False
parcel,2260,457,379,2928,170,668,4381,92,2718,42350,40238,JavaScript,True,True,True,False,False,True
pi-hole,2501,701,218,5683,20,29,2661,15,2246,42340,7580,Shell,True,True,True,False,False,True
julia,5194,940,1393,54427,790,3624,19399,919,25524,42339,266457,Julia,True,False,True,False,False,True
go-ethereum,16561,2203,902,14185,33,239,7001,60,8611,42228,203925,Go,True,False,True,True,True,False
babel,5623,811,1053,15763,17,644,7859,176,6270,42225,97548,TypeScript,True,True,True,False,False,True
gogs,4719,1036,490,5896,5,819,4170,26,2119,42190,205591,Go,True,False,True,False,False,True
Projects,10451,1875,16,182,1,39,32,45,65,42086,1790,,True,True,True,False,False,False
jest,6355,557,1466,6809,14,438,6907,97,6599,41967,291529,TypeScript,True,True,True,True,True,False
build-web-application-with-golang,10750,2411,383,5178,1,115,181,11,880,41965,38293,Go,True,True,True,True,False,False
clash,5457,557,99,859,4,46,1894,5,454,41961,1847,Go,True,True,True,True,False,False
rustdesk,4126,364,190,5964,2,70,1741,1,1548,41836,27988,Rust,True,True,True,True,False,True
Real-Time-Voice-Cloning,7590,878,17,296,1,131,881,4,113,41714,369676,Python,True,False,True,True,False,False
mastodon,6186,688,833,13493,68,3665,5708,279,13763,41572,206815,Ruby,True,True,True,False,False,True
retrofit,7262,1588,169,2054,17,147,2485,37,1147,41530,5897,Java,True,False,True,True,True,True
bat,1075,204,301,2628,7,194,1019,11,1289,41189,30367,Rust,True,False,True,False,False,True
yarn,2886,571,520,2353,78,1816,4652,144,2135,41169,119363,JavaScript,True,True,True,False,False,False
sherlock,4903,1004,197,2097,7,40,728,85,793,41127,16778,Python,True,True,True,True,False,True
bun,1081,598,225,6252,104,667,968,70,1018,41094,51479,Zig,True,False,True,False,False,True
awesome-wechat-weapp,8277,1901,179,602,1,,,0,303,41043,844,,False,False,True,False,False,False
git-flight-rules,3193,659,123,441,6,16,53,0,278,40988,1608,,True,True,True,True,False,False
github-cheat-sheet,5277,1417,83,506,1,15,45,14,153,40911,764,,True,True,True,False,False,False
hyper,3431,492,275,3522,18,866,2800,30,3369,40874,23068,TypeScript,True,False,True,False,False,True
mkcert,2108,456,39,164,1,89,226,27,104,40870,1844,Go,True,False,True,False,False,True
react,3714,394,169,1006,1,1,186,1,392,40851,2985,JavaScript,True,False,True,False,False,True
100-Days-Of-ML-Code,10042,2454,7,109,2,,,31,20,40826,10955,,False,True,True,True,True,False
design-patterns-for-humans,4839,1208,45,140,1,5,46,9,70,40737,229,,True,True,True,True,False,False
x64dbg,2149,2770,107,5068,45,534,1742,0,751,40676,58524,C++,True,True,True,True,False,True
gpt4all,4256,521,33,710,31,318,160,4,89,40455,9358,C++,True,True,True,True,False,False
drawio-desktop,4276,498,12,611,8,145,969,0,28,40291,2272,Shell,True,True,True,True,False,True
vue2-elm,12497,1504,13,509,1,110,507,1,48,40028,34426,Vue,True,True,True,True,False,False
pixijs,4747,1014,437,6476,57,130,5036,17,3548,39919,91423,TypeScript,True,True,True,True,False,True
marktext,3038,396,140,1599,7,988,1564,52,1007,39758,72432,JavaScript,True,True,True,True,False,False
nw.js,3952,1595,108,4967,93,860,6334,10,816,39587,129258,JavaScript,True,True,True,True,False,False
project-layout,4405,575,49,210,1,72,28,37,78,39551,339,Makefile,True,True,True,True,False,False
trackerslist,6597,1281,2,2728,1,5,372,0,47,39501,4879,,True,False,True,False,True,False
chinese-poetry,8157,1110,55,598,1,90,81,2,145,39501,202492,JavaScript,True,False,True,True,True,True
ghidra,4868,962,233,9495,3,1178,2637,171,873,39474,304880,Java,True,True,True,True,False,True
openpilot,7281,1255,451,9282,167,224,1851,156,8901,39333,2338444,Python,True,True,True,True,False,True
Alamofire,7463,1081,249,1589,18,37,2649,2,1023,39329,31860,Swift,True,True,True,False,True,True
DeepFaceLab,8781,1070,19,1313,3,526,755,3,120,39270,848593,Python,True,True,True,True,True,False
pm2,2537,661,273,4998,11,738,3998,33,823,39053,13025,JavaScript,True,False,True,False,False,False
minio,4675,613,416,10647,6,28,6510,20,9166,38941,114169,Go,True,False,True,False,True,True
dubbo,25899,3078,498,6716,22,768,5389,60,5969,38876,47932,Java,True,True,True,True,False,False
styled-components,2444,366,311,3473,18,155,2536,9,1222,38849,34784,TypeScript,True,False,True,False,False,True
materialize,4841,996,260,3878,24,622,4595,177,1264,38830,164290,JavaScript,True,True,True,True,True,False
leetcode-master,9473,357,445,6443,1,114,54,50,1866,38656,94871,Shell,True,True,True,True,False,False
langchain,4269,426,699,1930,156,1116,471,261,2630,38639,31178,Python,True,True,True,True,False,True
PowerShell,6570,1420,431,10075,4,3342,7791,86,7591,38531,91884,C#,True,True,True,False,False,True
rclone,3476,572,593,7044,134,789,4061,83,2005,38446,183664,Go,True,True,True,True,False,False
yolov5,13801,347,313,2651,17,247,7712,68,2383,38443,14876,Python,True,True,True,True,False,True
rustlings,6653,311,322,1782,164,98,391,18,1007,38407,2259,Rust,True,False,True,False,False,False
PythonDataScienceHandbook,16883,1770,16,235,7,102,75,90,91,38368,45158,Jupyter Notebook,True,True,True,True,True,False
pandas,16267,1116,2925,32380,16,3368,21160,148,28518,38337,325933,Python,True,True,True,False,False,False
huginn,3439,735,222,3605,20,595,1443,83,1130,38328,8608,Ruby,True,True,True,True,False,False
frontend-dev-bookmarks,5092,2028,102,390,1,18,80,98,233,38286,1048,,True,True,True,False,False,False
act,969,150,159,910,9,111,769,10,810,38259,6508,Go,True,True,True,True,False,True
uni-app,3458,506,200,10184,12,1041,2860,17,313,38092,1287544,JavaScript,True,True,True,True,False,False
grpc,9995,1373,812,53025,96,593,10160,222,21855,37903,480451,C++,True,True,False,True,True,False
discourse,7972,897,845,49217,161,,,86,20918,37871,584361,Ruby,False,False,True,False,False,False
ripgrep,1701,289,320,1730,14,145,1313,70,651,37837,4427,Rust,True,False,True,False,False,True
Motrix,4174,478,68,1155,5,609,542,2,253,37833,69453,JavaScript,True,True,True,True,False,True
CppCoreGuidelines,5093,1969,321,2100,13,209,872,6,974,37799,26036,Python,True,True,True,True,True,False
edex-ui,2277,1473,60,1428,1,6,553,0,475,37623,31579,JavaScript,True,False,True,True,False,True
Leaflet,5622,901,787,7648,26,363,4660,123,3693,37517,57158,JavaScript,True,True,False,False,True,True
core,6863,757,384,4932,32,612,3403,370,3159,37511,22803,TypeScript,True,True,True,False,False,True
front-end-interview-handbook,5384,774,152,628,1,15,75,5,256,37328,5327,JavaScript,True,True,True,True,False,True
zx,903,151,42,480,4,34,293,7,202,37320,754,JavaScript,True,False,True,False,True,True
python-patterns,6784,1670,110,830,1,9,73,0,320,37321,3777,Python,True,True,True,True,False,False
terraform,8624,1192,1733,31112,510,1651,18113,166,12937,37220,299851,Go,True,False,True,False,False,False
impress.js,6819,1238,83,413,9,57,415,17,357,37201,4678,JavaScript,True,True,True,True,True,False
vuetify,6780,601,817,14140,106,993,11142,128,4407,37126,83396,TypeScript,True,False,True,False,False,True
bypass-paywalls-chrome,2719,566,55,616,1,1,998,1,193,37038,1321,JavaScript,True,True,True,True,False,False
fastlane,5516,755,1249,16413,166,283,12261,150,7013,37019,81433,Ruby,True,True,True,False,False,True
dive,1484,344,38,412,10,130,151,30,136,36758,4503,Go,True,True,True,False,False,False
hexo,4474,824,170,3589,5,72,3767,10,1137,36736,7569,JavaScript,True,False,True,True,False,True
react-use,2921,258,173,2947,35,314,226,246,1706,36734,84055,TypeScript,True,True,True,True,True,False
what-happens-when,3407,757,72,294,1,137,32,551,191,36626,260,,True,True,True,True,False,False
gitea,4617,493,1207,15417,13,1954,8901,161,13513,36566,280370,Go,True,False,True,True,False,False
freecodecamp.cn,1369,788,313,8845,8,140,445,12,60,36461,30959,CSS,True,True,True,True,False,False
MPAndroidChart,8932,1125,69,2070,6,1998,2873,123,370,36445,21720,Java,True,True,True,True,False,False
meilisearch,1319,263,142,7975,94,122,1360,18,1526,36432,54003,Rust,True,True,True,False,False,True
awesome-java,7108,2233,342,1630,1,2,118,5,903,36421,1983,,True,True,True,True,False,False
hiring-without-whiteboards,3077,683,1028,1978,2,,,15,1313,36346,3345,JavaScript,False,False,True,False,False,False
awesome-chatgpt-prompts-zh,11442,261,19,149,1,29,50,0,45,36242,39668,,True,True,True,True,False,True
powerlevel10k,1914,163,245,4143,5,28,2074,4,195,36177,71951,Shell,True,False,True,False,False,False
whisper,3986,338,55,115,5,,,19,125,36171,8446,Python,False,False,True,False,False,True
FFmpeg,10883,1365,1296,110612,34,,,1,380,36106,353203,C,False,False,True,False,False,False
brew,8812,694,891,35911,1,37,3981,17,10607,35980,72228,Ruby,True,False,True,False,True,False
nocodb,2277,333,144,14310,123,407,1752,36,2108,35920,920929,TypeScript,True,True,True,True,False,True
joplin,3975,455,535,9218,221,309,4973,29,2826,35857,370883,TypeScript,True,True,True,False,False,False
awesome-react-components,3072,736,236,902,2,1,44,1,352,35771,998,,True,True,True,True,False,False
uBlock,2693,863,104,10880,4,13,3437,1,365,35756,138265,JavaScript,True,True,True,True,True,False
spark,26953,2048,1936,36697,24,,,273,40867,35729,476331,Scala,False,True,True,False,False,False
30-Days-Of-JavaScript,8501,808,40,563,1,58,48,187,337,35710,124951,JavaScript,True,True,True,True,False,True
quill,3025,471,134,5368,17,1259,1925,78,498,35608,14999,JavaScript,True,False,True,False,True,False
video.js,7363,1283,438,3943,15,405,4619,29,2976,35547,126608,JavaScript,True,True,False,True,True,True
gpt4free,9067,364,66,470,4,79,278,10,141,35551,158820,Python,True,True,True,True,False,True
Rocket.Chat,8537,890,820,23526,586,2498,12505,581,13008,35517,741493,TypeScript,True,True,True,True,True,False
php-src,7542,1421,905,132141,441,332,1138,308,9340,35448,511357,C,True,False,True,False,False,False
ailearning,11119,1684,42,233,1,3,104,0,528,35432,171448,Python,True,True,True,False,True,True
open-source-mac-os-apps,2182,944,287,1282,5,42,144,40,604,35337,5871,,True,True,True,True,True,True
ChatGPT,3826,307,25,566,4,367,278,10,125,35327,31230,Rust,True,False,True,False,True,True
cheat.sh,1697,588,50,901,9,104,123,13,140,35294,4558,Python,True,True,True,True,False,False
esbuild,1005,293,98,3616,3,295,2439,24,325,35276,17533,Go,True,False,True,False,False,False
kubernetes-the-hard-way,12173,983,52,285,3,81,292,76,285,35277,659,,True,True,True,True,False,False
Deep-Learning-Papers-Reading-Roadmap,7218,2126,27,114,1,49,4,42,50,35217,3638,Python,True,True,True,True,False,False
slate,22016,511,132,702,6,48,553,5,931,35166,2410,SCSS,True,False,True,True,True,True
swiper,9718,698,267,3391,8,186,4734,8,773,35128,79267,JavaScript,True,True,True,False,False,True
openai-cookbook,5191,599,73,398,45,74,112,29,186,34960,84122,Jupyter Notebook,True,True,True,False,False,True
lazygit,1406,256,193,4151,9,438,893,34,1097,34955,37596,Go,True,True,True,True,False,True
Magisk,9281,1415,266,6272,2,11,4862,16,1913,34948,57279,C++,True,False,True,False,True,False
json,6014,755,249,4533,11,56,2068,35,897,34858,180610,C++,True,True,True,False,True,True
interview_internal_reference,9285,1515,28,375,1,27,18,3,41,34822,1283,Python,True,True,True,True,False,False
kong,4458,1015,330,9339,94,180,3918,60,5840,34822,28568,Lua,True,False,True,False,False,True
react-hook-form,1743,170,261,3454,14,5,3786,9,2160,34806,27802,TypeScript,True,True,True,False,False,True
open-source-ios-apps,5056,1457,334,6813,8,0,256,0,871,34750,22679,,True,False,True,True,False,False
styleguide,13297,1312,80,499,10,195,117,121,290,34617,2674,HTML,True,False,False,False,True,False
AppFlowy,2105,298,166,4030,39,520,578,20,1326,34619,46336,Rust,True,True,True,False,False,True
jeecg-boot,13507,839,13,909,2,22,4144,16,170,34597,52023,Java,True,True,True,True,True,False
node-v0.x-archive,7508,2058,2,2,143,0,6380,0,3796,34562,144238,,True,True,False,True,False,False
fullPage.js,7441,851,141,2146,8,158,3843,21,487,34551,16442,JavaScript,True,True,True,True,False,False
lerna,2318,259,310,2569,28,305,2133,1,1171,34548,34409,TypeScript,True,False,True,False,False,True
awesome-rust,2197,782,748,3968,5,10,112,0,1354,34547,6709,Rust,True,False,True,False,False,False
query,2241,196,603,2025,13,29,1258,15,1632,34507,34800,TypeScript,True,True,True,False,False,True
jadx,4283,797,94,1981,1,310,1102,1,442,34505,19357,Java,True,False,True,True,False,False
wrk,2810,751,1,80,2,127,257,55,71,34469,38743,C,True,True,True,False,False,False
preact,1890,406,304,5313,217,152,1502,98,2021,34396,15304,JavaScript,True,True,True,True,True,True
phaser,6973,1243,545,18802,7,86,4035,13,2238,34371,371532,JavaScript,True,False,True,False,False,True
drawio,6735,587,31,1864,5,330,2662,4,153,34323,1302975,JavaScript,True,True,True,True,True,True
bert,9226,993,28,111,2,773,349,95,104,34225,317,Python,True,True,True,True,False,False
ant-design-pro,7906,762,311,2471,17,265,8856,5,1399,34197,7457,TypeScript,True,True,True,True,True,True
starship,1463,174,478,2744,7,425,1413,117,2719,34182,32180,Rust,True,False,True,False,False,True
sentry,3792,682,630,53736,1302,952,6378,179,40931,34163,394763,Python,True,False,True,False,False,True
tutorials,53547,1524,943,27210,1,23,647,50,13291,34133,375418,Java,True,True,True,True,False,False
hackathon-starter,8106,796,191,2566,1,8,607,8,579,34107,13555,JavaScript,True,False,True,False,False,False
monaco-editor,3275,515,233,3197,6,309,2891,10,435,34062,121326,JavaScript,True,False,True,True,True,True
tidb,5472,1291,817,20545,174,3146,11745,827,28004,34037,457803,Go,True,True,True,True,False,False
tabler,3591,632,94,2346,8,62,680,11,668,34017,136877,HTML,True,True,True,False,True,True
koa,3295,836,230,1183,11,38,849,24,789,33993,3285,JavaScript,True,False,True,True,False,True
og-aws,3681,1219,217,1042,5,138,86,12,571,33920,7680,Shell,True,True,True,False,False,False
lottie-android,5355,848,130,1509,43,22,1545,0,690,33891,136347,Java,True,False,True,False,False,False
JavaFamily,7598,1151,2,218,2,1,59,0,14,33750,396,,True,True,True,True,False,False
deeplearningbook-chinese,9084,2215,16,730,3,61,137,3,31,33740,8908,TeX,True,True,True,True,True,False
type-challenges,3534,134,214,837,42,24218,2521,25,568,33684,2415,TypeScript,True,True,True,False,False,True
shadowsocks-android,11633,1584,43,3682,5,31,2428,2,373,33679,53584,Kotlin,True,True,True,True,False,True
v,2044,490,626,15308,8,872,6407,37,9706,33678,68749,V,True,True,True,True,False,True
first-contributions,59889,492,11699,13405,1,33,555,71,66739,33655,17875,,True,True,True,True,False,False
glide,6059,1056,139,2858,69,409,3846,27,806,33593,95399,Java,True,True,True,True,True,False
nativefier,2104,442,136,1278,1,233,970,1,321,33568,6296,TypeScript,True,False,True,False,False,False
pure-bash-bible,3063,742,21,263,1,41,33,18,41,33531,232,Shell,True,False,True,False,False,False
awesome-cheatsheets,5532,682,126,733,3,24,42,59,204,33472,8883,JavaScript,True,True,True,True,True,False
brackets,7963,1590,371,17847,178,2619,7067,168,5438,33448,92974,JavaScript,True,True,True,True,False,False
shadowsocks,19087,2079,1,1,2,,,14,145,33367,891,Python,False,True,True,True,False,False
caffe,18993,2106,269,4156,7,894,3893,286,1955,33347,76170,C++,True,True,True,True,True,False
AFNetworking,10352,1596,317,2944,6,,,18,1499,33343,6129,Objective-C,False,False,True,True,False,False
uptime-kuma,2858,214,322,4214,56,846,1323,87,873,33292,17475,JavaScript,True,True,True,True,True,False
iina,2406,530,113,3254,26,1501,1921,59,834,33223,266412,Swift,True,False,True,True,False,True
gpt_academic,4048,155,38,906,16,204,430,4,74,33222,24951,Python,True,True,True,True,False,False
Made-With-ML,5442,1215,1,45,1,2,46,10,168,33194,29435,Jupyter Notebook,True,True,True,True,False,False
Microsoft-Activation-Scripts,3655,549,2,80,1,2,150,0,11,33178,7069,Batchfile,True,True,True,True,False,True
clipboard.js,4099,424,61,396,10,7,604,4,222,33140,3036,JavaScript,True,True,True,True,True,True
istio,7104,1010,917,20339,98,524,17075,72,27149,32963,250691,Go,True,False,True,True,False,True
taro,4473,690,501,9876,44,929,8795,47,3472,32896,1433701,TypeScript,True,True,True,True,True,True
awesome-react-native,3983,1114,578,2193,6,32,35,44,1004,32846,5250,JavaScript,True,True,True,True,True,False
sheetjs,8018,610,182,769,3,115,2267,14,306,32836,106471,JavaScript,True,False,True,False,True,False
gulp,4376,1051,248,1198,3,24,1858,3,661,32754,1088,JavaScript,True,True,True,False,False,True
the-way-to-go_ZH_CN,8519,1263,244,1425,1,,,14,687,32707,12602,Go,False,False,True,False,False,False
TaskMatrix,3120,293,15,103,5,180,126,28,61,32706,38780,Python,True,True,True,True,False,False
chakra-ui,2902,205,589,8906,33,103,3132,26,2860,32679,125282,TypeScript,True,True,True,True,False,True
Open-Assistant,2781,413,287,3285,32,389,1060,44,1640,32669,44007,Python,True,True,True,False,True,False
leveldb,7284,1327,56,434,3,192,521,84,279,32644,1653,C++,True,False,False,False,False,False
wtfpython,2556,759,71,499,3,59,119,14,108,32633,1091,Python,True,True,True,True,False,False
carbon,1854,247,178,1854,9,38,596,18,778,32578,20100,JavaScript,True,False,True,False,False,True
immutable-js,1863,523,213,1718,9,99,1122,22,692,32574,50653,TypeScript,True,True,True,True,True,False
955.WLB,1703,723,17,59,1,171,73,19,41,32519,124,,True,True,True,True,False,False
python-cheatsheet,5938,960,11,2376,1,7,53,19,71,32460,11887,Python,True,True,True,True,True,False
segment-anything,3486,239,16,46,2,200,89,24,40,32425,10993,Jupyter Notebook,True,True,True,False,False,False
arthas,6981,1143,180,1889,9,192,1553,57,656,32381,44277,Java,True,True,True,True,True,True
gorm,3571,498,342,2598,2,206,4892,4,1153,32378,4485,Go,True,True,True,True,False,True
metabase,4370,633,346,27079,774,2749,10912,218,16844,32375,406629,Clojure,True,True,True,True,False,False
gold-miner,5007,1274,539,11437,1,0,5559,0,3897,32343,80071,,True,False,True,True,False,True
formik,2680,237,415,1718,59,654,1501,159,1081,32338,13934,TypeScript,True,True,True,False,False,True
black,2083,228,370,1550,19,361,1906,33,1350,32325,7115,Python,True,True,True,True,False,False
hello-algorithm,6218,673,6,401,4,7,32,0,31,32297,365038,Java,True,True,True,True,False,False
cli,5049,832,418,6555,60,399,3058,31,2257,32280,28133,Go,True,True,True,False,False,True
zju-icicles,8855,1100,111,1423,3,9,51,1,222,32274,4154951,HTML,True,True,True,True,True,False
material-design-lite,5180,1196,177,2872,74,366,1809,37,1152,32165,56968,HTML,True,False,False,True,False,False
AndroidUtilCode,10602,1181,39,1430,2,256,1271,12,201,32132,47327,Java,True,False,True,False,True,True
shellcheck,1643,421,135,1900,5,886,1516,11,326,32101,5286,Haskell,True,True,True,True,False,False
XX-Net,7785,1677,73,2497,3,7858,5324,1,483,32004,60810,Python,True,True,True,True,False,False
dbeaver,2858,512,253,24224,90,1730,12817,31,3985,31985,286819,Java,True,True,True,True,True,True
pyenv,2793,382,396,3092,3,28,1572,1,947,31842,4791,Roff,True,True,True,True,False,True
cobra,2680,365,280,993,3,129,891,69,857,31836,1949,Go,True,True,True,True,False,False
aspnetcore,9066,1441,1150,51490,251,2564,26594,41,15316,31691,412458,C#,True,True,True,True,False,False
acme.sh,4307,488,426,5176,8,847,1852,195,1690,31535,6121,Shell,True,True,True,True,False,True
date-fns,1654,208,366,1931,24,422,1190,148,1394,31525,19788,TypeScript,True,False,True,False,False,True
gym,8423,1032,372,1757,124,52,1711,0,1439,31504,7113,Python,True,True,True,True,False,False
devdocs,2128,631,189,5044,19,133,945,27,849,31451,30684,Ruby,True,False,True,False,False,False
ShadowsocksX-NG,7997,947,30,596,3,288,1038,5,113,31436,50650,Swift,True,False,True,True,True,False
ijkplayer,7987,1205,44,2627,6,2755,2519,58,169,31378,8283,C,True,True,True,True,False,False
prisma,1132,235,202,9246,272,2749,5643,139,5280,31346,95160,TypeScript,True,True,True,False,True,True
android-open-project,12005,3659,117,958,1,11,71,16,272,31222,2139,,True,True,True,True,False,False
vim-plug,1925,385,62,693,5,113,865,16,234,31209,8803,Vim Script,True,True,True,True,False,False
typeorm,5785,359,976,5257,3,1907,5552,22,2563,31206,26010,TypeScript,True,False,True,True,False,False
weekly,2213,1898,36,502,1,2394,596,0,84,31194,4454,,True,True,True,True,False,False
appwrite,2668,360,282,15014,337,578,1876,136,2514,31189,244722,TypeScript,True,True,True,False,False,True
netty,15311,1769,617,11147,22,527,5592,34,7074,31178,88132,Java,True,True,True,True,False,True
free,5675,807,2,6511,1,350,157,0,12,31136,34016,,True,True,True,True,False,False
zxing,9318,1683,117,3689,1,5,1197,0,349,31042,241702,Java,True,False,True,True,True,True
12306,9419,838,23,435,10,216,466,57,89,31040,58570,Python,True,True,True,True,False,False
jQuery-File-Upload,8149,1596,99,1265,2,49,3259,0,371,31027,4398,PHP,True,False,True,True,True,False
mitmproxy,3701,619,429,10322,12,248,2788,25,2548,30989,57431,Python,True,True,True,False,False,True
wtfjs,2315,543,84,441,13,9,96,23,165,30913,1549,JavaScript,True,False,True,False,False,True
zustand,966,141,173,889,1,7,580,2,575,30777,5901,TypeScript,True,True,True,True,False,True
awesome-javascript,4242,1092,293,798,1,3,80,38,719,30684,934,,True,False,True,False,False,False
jieba,6671,1290,40,523,2,606,215,51,113,30559,56033,Python,True,True,True,True,False,False
fanqiang,6269,1171,3,1201,1,278,414,0,10,30543,712077,Kotlin,True,True,True,True,True,True
awesome-design-patterns,2434,679,29,104,1,5,4,9,40,30528,91,,True,True,True,True,True,False
carbon-lang,1362,411,116,1658,1,127,386,30,2003,30416,10005,C++,True,True,True,True,False,True
CPlusPlusThings,7287,502,48,306,2,1,197,0,94,30403,1410,C++,True,True,True,True,False,False
tesseract.js,2042,483,68,711,5,20,552,4,176,30377,107318,JavaScript,True,True,True,False,True,False
astro,1557,153,504,5456,281,113,2571,41,4182,30313,140869,TypeScript,True,True,True,False,False,False
aria2,3267,730,60,5321,8,957,770,46,268,30310,31225,C++,True,True,True,True,False,False
PaddleOCR,6240,405,122,5997,15,1560,5613,145,2426,30300,347407,Python,True,True,True,True,False,True
n8n,3508,287,335,8623,528,150,924,162,5002,30269,131103,TypeScript,True,True,True,True,True,False
hackingtool,3499,1049,30,262,2,9,253,7,74,30234,1348,Python,True,True,True,True,False,False
vim,4737,661,191,17866,1,1278,5909,171,5011,30222,210071,Vim Script,True,True,False,True,False,False
metasploit-framework,13169,2020,988,70397,6,403,5138,50,12034,30216,866973,Ruby,True,True,True,True,True,True
airflow,12356,757,2468,19709,43,673,6566,173,20789,30176,238004,Python,True,True,True,False,False,True
awesome-awesomeness,3522,1693,245,576,1,12,51,15,390,30169,381,Ruby,True,True,True,False,False,False
curl,5730,760,922,30361,10,57,3820,39,6752,30098,78386,C,True,False,False,True,False,True
Docker-OSX,1476,353,46,459,18,261,237,7,105,30012,13740,Shell,True,True,True,True,True,True
react-beautiful-dnd,2402,252,127,802,103,507,1029,73,876,29951,14800,JavaScript,True,True,True,False,False,False
diagrams,1894,365,128,511,8,259,178,81,360,29925,51869,Python,True,True,True,True,True,True
certbot,3355,761,468,10785,811,392,4760,57,4444,29908,49498,Python,True,True,True,True,False,False
beego,5570,1207,386,4663,15,12,3242,20,1911,29740,11240,Go,True,True,True,True,False,True
graphql-engine,2639,338,519,7007,89,1979,3578,147,3148,29728,3643605,TypeScript,True,True,True,True,True,True
marked,3323,390,160,2994,1,32,1291,3,1400,29705,8184,JavaScript,True,True,True,False,False,True
HEAD,1965,720,63,367,3,18,73,7,142,29671,668,,True,True,True,True,True,False
googletest,9321,1188,388,4208,5,239,1861,58,1833,29642,12824,C++,True,False,False,False,True,True
vue-cli,6439,645,477,3531,22,903,4536,142,1660,29637,30935,JavaScript,True,True,True,True,False,True
LeetCode-Go,5362,632,46,1640,3,13,59,1,196,29639,19269,Go,True,True,True,True,False,True
Blog,4681,1259,2,322,2,213,97,5,3,29522,4686,,True,True,True,True,False,False
ColossalAI,3443,319,127,2325,8,254,753,22,2522,29488,23586,Python,True,True,True,True,False,True
framework,10063,1000,3128,35696,22,2,17048,15,27092,29474,73895,PHP,True,False,True,False,False,True
foundation-sites,5599,1281,1043,17241,31,43,8128,10,4081,29462,122997,HTML,True,True,True,True,False,True
spring-boot-demo,10141,1008,9,734,9,82,71,30,48,29448,14194,Java,True,True,True,True,False,True
husky,1018,152,106,868,7,16,876,4,348,29440,3745,JavaScript,True,False,True,False,True,True
cs-self-learning,3979,220,93,433,2,60,65,8,194,29431,25091,HTML,True,True,True,True,True,True
compose,4867,705,135,4144,15,165,6652,21,3593,29425,24375,Go,True,False,True,False,False,False
COVID-19,18809,871,7,7691,1603,1680,2081,285,2488,29276,8698144,,True,True,True,True,False,False
phantomjs,5847,1132,371,1958,22,15,4734,0,1137,29255,164709,C++,True,True,True,True,True,False
google-research,7207,722,532,3970,140,725,276,271,224,29232,382839,Jupyter Notebook,True,False,True,False,True,False
reactjs-interview-questions,7216,585,90,437,1,5,79,3,165,29158,2068,JavaScript,True,True,True,True,False,False
p3c,7973,1324,37,290,6,136,694,24,107,29132,27110,Kotlin,True,True,True,True,True,False
react-boilerplate,6183,537,219,1457,33,72,1822,45,1149,29130,8943,JavaScript,True,False,True,False,False,True
es6features,2922,1217,38,109,1,21,36,18,58,29126,199,,True,True,True,False,False,False
odoo,18592,1501,1664,159206,82,2080,14161,3334,100033,29096,6035913,JavaScript,True,False,True,True,False,False
HanLP,8271,1146,35,1730,6,7,1360,2,123,29027,72720,Python,True,True,True,True,False,False
dotfiles,8804,694,121,761,2,139,244,47,558,29000,836,Shell,True,True,True,False,False,False
interview,7382,865,23,367,1,15,40,3,45,28935,6084,C++,True,True,True,True,True,False
tmux,1903,431,6,10030,3,31,3002,2,523,28921,16871,C,True,False,True,True,False,True
spring-boot-examples,12276,1337,8,213,2,5,99,0,47,28909,1073,Java,True,True,True,True,False,False
vimrc,7177,781,82,472,1,8,489,5,227,28891,24841,Vim Script,True,True,True,True,False,False
libpku,8256,1233,15,132,1,10,31,5,29,28883,714371,TeX,True,True,True,True,False,False
rxjs,2948,452,529,5265,17,204,2889,48,3759,28864,124863,TypeScript,True,True,True,False,True,True
pandoc,3119,512,462,16574,59,897,5946,75,1805,28852,61707,Haskell,True,True,True,True,False,False
MockingBird,4300,274,34,176,10,410,386,6,76,28729,130830,Python,True,True,True,True,False,True
project-guidelines,3280,632,76,169,4,10,28,3,127,28701,498,JavaScript,True,True,True,True,False,False
ClickHouse,5699,681,1241,114997,6675,2810,12874,335,33526,28696,1058420,C++,True,True,True,True,False,True
GFPGAN,4520,423,11,106,1,207,106,12,27,28637,5534,Python,True,True,True,True,False,True
awesome-php,5035,1784,272,1567,1,1,123,102,964,28631,1308,,True,False,True,False,False,False
50projects50days,7716,534,35,148,1,,,55,84,28585,498,CSS,False,True,True,True,False,False
REKCARC-TSC-UHT,7208,876,55,184,1,1,26,0,134,28512,4412744,HTML,True,True,True,True,False,False
Prompt-Engineering-Guide,2442,357,66,585,10,32,23,7,106,28495,8942,Jupyter Notebook,True,True,True,True,False,False
leakcanary,3932,989,133,2014,159,81,1422,5,976,28446,137796,Kotlin,True,False,True,False,True,False
Hover,5822,865,21,132,4,23,83,17,48,28442,994,SCSS,True,True,True,True,True,False
lottie-web,2841,446,88,2357,65,650,2097,38,180,28404,397139,JavaScript,True,False,True,True,False,False
Awesome-Design-Tools,1970,532,226,1649,12,7,25,70,315,28391,19220,JavaScript,True,True,True,True,False,False
symfony,9087,1140,2772,64750,28,531,17972,232,29831,28305,253344,PHP,True,True,False,False,False,True
500lines,5934,1819,61,3297,16,30,39,27,203,28258,60251,JavaScript,True,True,True,True,False,False
todomvc,13957,1141,322,2905,9,136,629,60,1249,28213,73004,JavaScript,True,False,True,True,True,False
programmer-job-blacklist,1858,1230,15,147,1,150,182,9,33,28205,329,Shell,True,True,True,True,True,False
ccxt,6935,931,619,73037,21,745,7884,342,8857,28203,3173748,Python,True,True,True,True,True,False
standard,2419,471,175,1948,10,90,1111,11,647,28181,3558,JavaScript,True,False,True,False,False,False
html2canvas,4628,513,50,1066,6,837,1639,61,411,28175,117300,TypeScript,True,True,True,False,True,True
linux-insides,3202,1347,287,1911,1,25,150,5,645,28150,21247,Python,True,False,True,False,False,False
android_guides,6457,2114,9,62,1,160,219,2,21,28108,1100,,True,True,True,True,False,False
insomnia,1488,230,277,4009,3,474,2491,13,2368,28073,117774,JavaScript,True,False,True,True,False,True
apollo,10135,1275,142,2837,15,143,2878,7,1608,28048,52506,Java,True,True,True,True,True,True
vuex,9595,772,313,1209,14,87,1164,46,915,28030,16993,JavaScript,True,True,True,False,True,False
nvm-windows,2817,421,72,440,7,72,674,5,140,28019,33148,Go,True,True,True,True,True,True
backbone,5539,1308,322,3454,4,45,2352,26,1823,28008,27144,JavaScript,True,True,True,True,True,False
slick,5985,558,149,925,5,1178,2382,206,480,27976,3677,JavaScript,True,True,True,False,False,False
NeteaseCloudMusicApi,13333,351,86,1317,14,114,1147,11,399,27934,16098,JavaScript,True,True,True,False,True,True
sequelize,4195,421,1053,10022,45,763,9299,73,5498,27874,43688,JavaScript,True,True,True,False,False,True
webtorrent,2687,700,170,3320,9,80,1492,10,870,27864,15005,JavaScript,True,False,True,False,True,True
async,2455,671,232,1883,12,11,1101,12,768,27857,6820,JavaScript,True,True,True,True,True,False
Coursera-ML-AndrewNg-Notes,10143,997,16,117,2,49,15,12,19,27736,684224,HTML,True,True,True,True,True,False
easyexcel,7053,591,60,1059,9,192,2596,45,323,27723,26567,Java,True,True,True,True,False,True
swift-algorithm-club,4922,1562,256,2534,11,30,182,31,767,27712,14104,Swift,True,True,True,True,True,False
httpie,3761,73,145,1746,10,138,677,15,567,27702,6911,Python,True,False,True,False,False,False
ImHex,1242,417,93,2591,8,122,587,1,312,27680,25277,C++,True,True,True,True,False,True
vault,3812,815,1200,17271,2274,869,4605,386,14616,27663,247734,Go,True,False,True,False,False,True
Python,11589,2457,646,3163,1,210,111,92,1463,27640,30922,Python,True,True,True,True,False,False
composer,6614,596,949,12107,4,132,7233,18,3721,27621,25531,PHP,True,False,True,False,False,True
solid,740,219,141,1605,4,26,719,9,353,27570,13802,TypeScript,True,True,True,True,False,True
learnGitBranching,5554,533,255,2768,20,24,422,1,592,27528,41403,JavaScript,True,True,True,True,True,True
yew,1321,307,375,2458,25,99,1049,18,1856,27500,14047,Rust,True,True,True,True,True,True
postcss,1564,519,374,3882,5,16,900,1,867,27472,10255,TypeScript,True,False,True,True,True,True
awesome-macos-command-line,1510,758,81,1,1,,,0,181,27455,0,,False,False,True,False,True,False
Files,1772,368,231,4625,9,377,7404,16,4398,27435,176530,C#,True,True,True,False,False,False
fd,696,150,154,1266,6,75,666,15,538,27423,1740,Rust,True,False,True,False,False,True
awesome-shell,2258,775,263,650,1,30,19,52,374,27364,841,,True,True,True,True,False,False
layui,7160,972,41,1269,2,1,600,0,416,27361,9150,JavaScript,True,True,True,True,False,False
swc,978,148,219,7120,1,324,2337,22,4226,27309,271881,Rust,True,True,True,False,False,True
fastify,2013,292,628,3656,15,64,1639,17,2759,27279,6303,JavaScript,True,True,True,False,False,True
interactive-coding-challenges,4354,970,42,790,2,33,31,37,200,27273,7768,Python,True,True,True,True,False,False
algo,2251,469,168,1126,11,141,1407,14,667,27243,3091,Jinja,True,True,True,False,True,True
halo,8592,474,99,4252,12,255,2159,8,1374,27229,65594,Java,True,True,True,False,False,True
English-level-up-tips,3307,895,22,249,2,21,56,2,28,27208,140305,,True,True,True,True,True,True
particles.js,4756,557,14,235,2,292,102,56,54,27155,158,JavaScript,True,True,True,True,False,False
legacy-homebrew,11642,932,5700,63882,1,0,17034,0,33606,27125,70241,,True,False,False,False,False,False
cockroach,3430,708,586,80770,320,5748,46427,951,49996,27121,2532025,Go,True,True,True,True,False,True
llama.cpp,3894,300,156,553,18,224,416,43,535,27123,2433,C,True,True,True,True,False,True
calculator,4908,586,89,789,40,272,665,16,1017,27103,36106,C++,True,True,True,False,False,False
TrafficMonitor,2762,262,33,970,1,840,601,5,57,27096,14739,C++,True,True,True,True,False,True
openpose,7588,921,100,706,3,229,1643,15,230,27036,86471,C++,True,True,True,True,True,False
appsmith,2652,272,257,13091,1042,3238,10434,146,9380,27033,351398,TypeScript,True,True,True,False,True,False
slate,3134,306,539,4058,42,569,2440,24,2248,27005,21769,TypeScript,True,False,True,False,False,True
sqlmap,5264,1097,116,10069,3,57,4881,6,344,26983,83486,Python,True,True,True,True,True,False
lx-music-desktop,4452,323,8,1944,4,289,966,4,61,26981,31917,TypeScript,True,False,True,False,False,True
JCSprout,7155,1663,23,709,6,30,59,15,99,26963,1188,Java,True,True,True,True,True,False
underscore,5605,852,283,2830,7,30,1383,19,1532,26956,6910,JavaScript,True,True,True,True,True,False
lazydocker,959,233,59,755,10,91,161,17,175,26892,26458,Go,True,True,True,False,False,True
machine-learning-for-software-engineers,6151,1524,37,298,2,15,8,9,76,26877,437,,True,True,True,True,True,True
druid,8388,1734,211,6853,16,2477,1436,152,1182,26851,81442,Java,True,False,True,True,False,False
uppy,1853,332,370,9237,59,124,1900,26,2386,26846,382365,JavaScript,True,True,True,False,True,False
drone,2596,549,307,4058,18,57,1735,23,1403,26848,28900,Go,True,True,True,False,False,False
Sortable,3612,411,151,1080,24,402,1293,25,467,26819,2403,JavaScript,True,True,True,True,True,True
Daily-Interview-Question,3319,1038,6,252,1,256,298,0,23,26818,199,JavaScript,True,True,True,True,False,False
weui,6503,1532,23,695,6,43,614,7,261,26794,10515,HTML,True,True,True,True,True,False
Faker,3505,561,452,2632,5,76,494,158,1345,26724,10094,PHP,True,True,True,False,False,False
swr,1059,198,158,776,10,71,701,22,802,26682,3148,TypeScript,True,False,True,False,False,True
Charts,5826,606,150,1789,9,810,3345,94,801,26652,190655,Swift,True,True,True,True,False,False
modern-unix,671,420,11,76,1,56,11,29,20,26628,49,,True,True,True,True,False,True
hangzhou_house_knowledge,5419,1386,7,73,1,98,48,6,7,26615,868034,CSS,True,True,False,True,False,True
slidev,1020,124,112,1378,38,53,567,5,273,26578,72698,TypeScript,True,False,True,False,False,True
selenium,7548,1322,676,29659,26,161,8833,42,2868,26566,2020244,Java,True,True,True,True,True,False
lighthouse,9322,594,317,5675,446,569,8096,61,5423,26512,201855,JavaScript,True,True,False,False,True,True
jsPDF,4500,478,192,2267,276,129,2218,37,1193,26488,108123,JavaScript,True,True,True,False,True,False
pytorch-tutorial,7722,624,27,173,1,64,112,21,48,26488,13110,Python,True,True,True,True,False,False
JavaScript,4548,580,275,1733,2,4,168,34,1095,26488,2664,JavaScript,True,True,True,True,False,False
yuzu,2200,526,246,23740,1,1064,2628,35,6025,26530,84752,C++,True,True,True,True,False,False
mobx,1755,358,302,3211,19,28,1846,14,1215,26445,19247,TypeScript,True,False,True,True,True,True
OpenAPI-Specification,9045,849,213,1964,13,537,1463,27,1034,26437,3112,JavaScript,True,True,True,True,True,True
minikube,4582,490,815,21576,2,729,7811,62,7860,26411,208352,Go,True,True,True,False,False,False
consul,4304,954,850,19966,999,1066,4070,201,11881,26404,429119,Go,True,True,True,False,False,False
cheerio,1591,365,133,2548,3,12,1110,1,2037,26356,9438,TypeScript,True,True,True,True,True,True
nacos,11743,905,310,4606,45,216,6841,14,3279,26351,52987,Java,True,True,True,True,False,False
awesome-python-cn,7711,2083,33,213,2,10,17,10,72,26277,1584,Makefile,True,False,True,True,True,False
python-guide,5861,1401,419,2318,4,97,174,18,827,26260,6902,Batchfile,True,True,True,True,False,False
hutool,7095,610,230,4582,3,7,2291,2,755,26252,53976,Java,True,True,True,False,False,True
fiber,1313,264,301,3503,5,40,1079,6,1317,26239,217799,Go,True,True,True,False,True,False
gitflow,2687,593,37,401,4,234,125,85,133,26203,5251,Shell,True,True,True,True,True,False
waifu2x,2706,718,34,756,3,146,204,4,75,26186,709513,Lua,True,False,True,True,False,True
ResumeSample,9094,1030,3,26,1,,,2,8,26150,25,,False,True,True,True,False,False
zsh-autosuggestions,1724,176,47,530,11,112,430,31,163,26149,573,Shell,True,False,True,True,False,False
react-select,4045,223,422,4220,23,228,3207,65,1637,26122,19110,TypeScript,True,True,True,False,True,True
run,2146,376,78,1270,2,19,204,0,212,26120,410304,,True,False,True,True,False,True
spaCy,4119,551,647,15909,66,72,5330,38,3702,26111,191733,Python,True,False,True,False,False,True
rethinkdb,1885,789,143,33517,33,1335,5029,8,680,26080,282019,C++,True,False,True,True,False,False
angular-cli,12112,1027,571,10457,20,223,14056,14,10539,26077,125088,TypeScript,True,False,True,False,False,False
yapi,4604,533,80,5802,44,1479,902,71,219,26042,232820,JavaScript,True,False,True,False,False,False
photoprism,1474,314,142,7710,17,332,1435,35,595,25966,162683,Go,True,True,True,False,False,True
lede,18977,737,404,5965,1,548,7179,1,3110,25940,295374,C,True,True,True,True,False,True
vhr,10243,876,2,159,31,152,95,53,23,25893,8495,Java,True,True,True,True,False,False
miaosha,6687,804,9,248,2,2,76,1,68,25892,65695,Java,True,True,True,True,False,False
codemirror5,4998,651,860,7142,7,390,3754,26,2841,25872,19138,JavaScript,True,False,True,False,False,False
nps,4737,455,31,700,8,410,677,15,86,25764,9168,Go,True,True,True,True,True,False
Detectron,5511,954,35,143,2,303,619,23,77,25744,4492,Python,True,True,True,False,False,False
fetch,3199,636,75,656,6,18,614,0,301,25713,534,JavaScript,True,False,True,False,True,False
alist,3564,142,66,1492,13,99,2001,13,371,25702,2890,Go,True,True,True,True,False,True
canal,7227,1201,187,1557,11,925,3125,57,558,25701,18998,Java,True,True,True,True,True,False
nginxconfig.io,1889,291,49,293,5,42,171,0,206,25660,7162,JavaScript,True,False,True,False,True,False
react-spring,1137,196,164,3476,12,74,1085,10,500,25654,672440,TypeScript,True,True,True,False,False,True
mongoose,3736,493,771,19311,85,287,9842,7,3029,25651,108304,JavaScript,True,True,True,True,True,True
ace,5271,630,461,8453,43,110,2805,54,2056,25627,42018,JavaScript,True,True,True,True,True,True
request,3232,439,311,2270,17,76,2169,26,1149,25627,2290,JavaScript,True,False,True,False,False,False
butterknife,4676,1055,97,1016,4,97,1083,18,473,25619,3909,Java,True,False,True,False,True,False
echo,2144,523,255,1686,6,48,1283,19,875,25609,6120,Go,True,True,True,True,False,True
select2,6382,727,505,2654,6,77,4679,20,1471,25599,13998,JavaScript,True,False,True,False,True,False
spring-cloud-alibaba,7819,982,166,2437,12,417,1666,23,1184,25578,21687,Java,True,True,True,True,False,False
Probabilistic-Programming-and-Bayesian-Methods-for-Hackers,7755,1385,140,1119,3,152,88,47,271,25568,172065,Jupyter Notebook,True,True,True,True,True,False
gitbook,3789,737,100,2379,15,,,64,322,25564,8675,JavaScript,False,True,True,False,True,False
ray,4484,445,822,17295,343,2537,11275,247,20992,25562,307273,Python,True,True,True,True,False,False
SpringAll,7629,863,2,140,8,16,27,12,10,25562,1090,Java,True,True,True,True,False,False
How-To-Ask-Questions-The-Smart-Way,5331,416,49,342,1,8,21,1,102,25553,344,JavaScript,True,False,False,False,False,False
django-rest-framework,6584,613,1210,8680,17,73,3742,61,4465,25538,51134,Python,True,False,True,False,True,True
etcher,1875,432,85,3330,51,424,1622,15,1987,25536,97001,TypeScript,True,False,True,True,True,False
portainer,2170,469,226,3895,427,969,3969,166,3826,25494,72954,Go,True,True,True,False,True,False
trpc,876,87,281,3096,63,80,687,24,3008,25494,30175,TypeScript,True,True,True,False,False,True
AnotherRedisDesktopManager,2316,252,29,753,65,173,664,10,182,25483,5311,JavaScript,True,True,True,True,False,True
lapce,757,164,136,2612,26,576,768,55,912,25459,22590,Rust,True,True,True,True,False,True
Modernizr,3046,908,301,2613,9,166,1317,26,1195,25456,19310,JavaScript,True,False,True,True,True,True
influxdb,3370,741,454,35261,832,1696,11167,58,10942,25435,166156,Go,True,True,True,False,False,True
the-super-tiny-compiler,2753,475,18,13,1,,,12,47,25413,41,JavaScript,False,True,True,True,False,False
ChatGPT,4158,272,122,1469,3,0,748,0,328,25412,1596,Python,True,True,True,True,False,True
floating-ui,1491,253,76,1811,7,10,1092,6,967,25399,29051,TypeScript,True,True,True,True,False,True
AI-Expert-Roadmap,2207,900,9,67,2,13,44,1,14,25387,628,JavaScript,True,False,True,False,False,False
reverse-interview,1961,344,61,221,1,9,17,18,78,25376,272,,True,True,True,True,False,False
mattermost-server,6111,547,771,16796,538,641,6685,163,15695,25369,747643,TypeScript,True,False,True,False,False,True
fastjson,6522,1317,179,3983,24,1831,1669,171,683,25330,15513,Java,True,False,True,True,False,False
awesome-remote-job,2464,987,410,1068,3,6,39,2,777,25324,950,,True,True,True,True,False,False
clashX,3099,307,23,817,5,,,0,51,25297,37844,Swift,False,True,True,False,True,True
nprogress,1855,417,33,209,3,98,51,32,63,25284,722,JavaScript,True,True,True,True,True,False
css-protips,2021,688,40,360,2,5,49,14,95,25273,7304,,True,True,True,True,False,False
immer,833,154,178,1374,34,24,583,3,437,25263,5865,JavaScript,True,True,True,True,True,False
awesome-docker,2756,761,385,2904,2,0,116,0,945,25262,14434,,True,False,True,False,True,True
pytorch-image-models,4130,297,86,1891,54,56,664,15,328,25232,24806,Python,True,True,True,True,True,True
sharp,1234,230,183,1846,2,99,3190,2,370,25225,48210,JavaScript,True,False,True,False,False,False
nodemon,1714,262,160,1288,51,6,1586,5,504,25208,2442,JavaScript,True,False,True,True,False,False
rocksdb,5749,1004,710,11883,169,537,2296,345,8030,25202,204212,C++,True,True,True,True,True,False
vagrant,4375,743,1002,16449,94,641,8691,81,3668,25198,80299,Ruby,True,True,True,True,False,False
ChatGPT-Next-Web,19936,156,69,729,2,35,942,24,432,25192,4193,TypeScript,True,True,True,False,False,True
folly,5144,1036,723,11628,1,324,702,79,851,25137,44564,C++,True,True,True,True,False,False
data-science-ipython-notebooks,7574,1632,12,543,2,16,22,17,43,25064,49025,Python,True,True,True,True,False,False
proxyee-down,4541,968,9,475,14,,,1,34,25058,26862,Java,False,True,True,True,False,False
poetry,1966,186,467,2847,9,562,4390,95,2271,25022,17452,Python,True,True,True,False,False,True
handson-ml,13041,1097,39,509,3,119,432,17,104,25020,87254,Jupyter Notebook,True,True,True,True,False,False
vaultwarden,1268,206,118,2464,1,6,1592,7,726,25009,8254,Rust,True,False,True,True,False,True
os-tutorial,3122,815,12,147,1,64,98,49,50,24941,154,C,True,True,True,True,False,False
kit,2409,686,202,1529,9,35,520,6,638,24937,7382,Go,True,False,True,False,False,True
react-virtualized,3140,237,201,1988,25,440,736,62,564,24936,48092,JavaScript,True,True,True,True,True,False
kafka,12621,1078,1010,11168,49,,,1039,12679,24906,159131,Java,False,True,True,False,False,False
jq,1437,325,137,1354,17,686,1315,132,440,24880,6985,C,True,True,True,True,True,False
the_silver_searcher,1382,431,216,2057,55,419,407,123,567,24878,2426,C,True,True,True,True,True,False
detectron2,6738,366,190,1465,13,303,2981,71,539,24835,6246,Python,True,True,True,False,False,True
fabric.js,3257,469,285,4703,202,253,5422,78,2485,24801,169554,JavaScript,True,True,True,True,False,True
hacker-laws,1488,446,83,463,19,131,70,6,190,24781,2658,Shell,True,True,True,True,False,True
cmder,2030,572,138,1621,10,34,2178,5,558,24776,2937,C++,True,True,True,True,False,True
tqdm,1273,211,110,1940,40,344,569,100,413,24773,5874,Python,True,True,True,True,True,True
YouCompleteMe,2808,567,162,3090,10,10,3169,4,956,24761,38037,Python,True,True,True,True,True,False
handson-ml2,11891,635,71,915,1,191,295,6,121,24755,154110,Jupyter Notebook,True,True,True,True,False,False
serenity,2661,342,892,50265,1,607,2809,87,15263,24754,175069,C++,True,False,True,False,False,False
nylas-mail,1470,476,100,6116,3,980,2439,27,228,24737,87026,JavaScript,True,True,True,False,True,False
commander.js,1720,234,181,1201,11,12,961,1,901,24683,3172,JavaScript,True,True,True,True,True,False
streamlit,2165,288,171,5505,370,633,2623,29,3299,24646,264716,Python,True,True,True,True,False,False
toBeTopJavaer,5416,912,37,271,1,54,71,4,70,24637,8019,Java,True,True,True,True,True,False
linkedin-skill-assessments-quizzes,13135,349,1372,6044,1,67,662,2,4831,24604,132910,Python,True,True,True,False,True,False
fonts,3246,414,59,202,2,150,95,27,108,24589,20700,Shell,True,True,True,True,False,False
nushell,1223,166,479,7210,1,843,2988,33,4983,24588,36891,Rust,True,True,True,True,False,True
dokku,1791,355,474,8827,9,39,2500,5,3061,24586,14287,Shell,True,True,True,True,False,True
fastText,4594,853,50,382,5,449,608,87,169,24579,8292,HTML,True,True,True,False,True,False
DeepSpeed,2934,277,208,1526,549,717,895,136,1622,24581,39458,Python,True,True,True,False,True,True
SDWebImage,5889,809,262,3399,13,51,2152,3,1287,24570,21314,Objective-C,True,True,True,True,False,True
modern-js-cheatsheet,3012,638,70,160,1,8,40,1,87,24526,333,,True,True,True,True,True,False
python-fire,1391,381,58,287,16,115,170,27,135,24518,6468,Python,True,True,False,False,True,False
remote-jobs,2610,887,741,2259,3,13,132,35,1419,24492,3558,JavaScript,True,True,True,True,False,True
awesome-deep-learning-papers,4508,1986,32,168,1,15,11,19,54,24471,147,TeX,True,True,True,True,False,False
RSSHub,5132,333,787,9140,7,259,4121,11,7987,24464,99884,JavaScript,True,True,True,True,True,True
ngx-admin,7786,897,35,548,36,403,1317,66,903,24457,67208,TypeScript,True,False,True,False,True,False
C-Plus-Plus,6292,492,302,1614,6,9,248,19,2169,24355,93371,C++,True,True,True,False,True,True
EventBus,4684,1054,22,550,11,97,476,45,86,24346,1742,Java,True,True,True,True,True,False
helm,6669,522,598,6868,47,285,6814,333,4570,24295,19940,Go,True,True,True,True,False,False
Clone-Wars,2105,470,83,331,5,5,67,18,124,24293,1885,,True,True,True,True,True,True
xxl-job,10071,950,58,1723,14,1015,1735,133,296,24287,32974,Java,True,True,True,True,False,False
awesome-electron,1984,776,288,552,1,0,41,3,651,24266,507,,True,False,True,False,False,True
ChatGLM-6B,2984,275,42,331,4,301,581,27,70,24281,8582,Python,True,True,True,False,False,False
JavaScript30,32535,682,117,392,1,,,37,557,24255,46925,HTML,False,True,True,True,False,False
ShareX,2858,526,215,7712,2,551,5262,7,1024,24235,63776,C#,True,False,True,False,False,False
engineering-blogs,909,936,335,1717,3,13,74,89,936,24188,1350,Ruby,True,True,True,True,False,False
SmartRefreshLayout,4924,522,8,1127,5,280,1204,1,26,24185,273479,Java,True,True,True,True,False,False
go-zero,3424,301,210,2014,2,245,1005,62,1874,24165,19850,Go,True,True,True,False,False,True
darknet,21423,906,8,455,3,1789,547,163,96,24162,6526,C,True,True,True,True,False,False
30-Days-Of-Python,5217,682,10,392,4,72,33,128,130,24161,29623,Python,True,True,True,True,False,False
mmdetection,8646,369,392,2539,16,642,6367,116,2761,24165,53337,Python,True,True,True,True,False,True
applied-ml,3366,904,44,466,2,3,19,3,220,24151,493,,True,True,True,True,False,False
xgboost,8584,915,581,6349,17,321,4481,45,4302,24132,26573,C++,True,True,True,True,False,False
jsoncrack.com,1286,119,23,1080,7,42,138,7,100,24044,25557,TypeScript,True,True,True,False,True,True
iview,4215,754,157,3031,35,1113,4470,112,956,24009,32725,Vue,True,True,True,True,False,False
lottie-ios,3507,470,199,1188,4,21,1212,0,726,23999,204032,Swift,True,False,True,False,False,True
angular-styleguide,4245,1353,184,1136,3,63,361,17,427,23994,4140,,True,True,True,False,False,False
linux-command,5062,536,138,1127,5,56,97,4,337,23955,2166322,Markdown,True,True,True,True,True,False
iris,2478,696,102,2645,3,83,840,1,431,23950,16063,Go,True,True,True,False,False,True
fastai,7388,614,226,2659,1,147,1572,12,2164,23902,853920,Jupyter Notebook,True,True,True,True,False,False
ClashForAndroid,2681,399,10,216,3,135,891,10,58,23896,3201,Kotlin,True,True,True,True,False,True
pipenv,1841,361,405,8304,37,194,3735,13,1674,23848,252093,Python,True,True,True,True,False,True
swagger-ui,8675,656,497,5616,20,916,4187,45,3353,23848,461819,JavaScript,True,True,True,True,False,True
ItChat,5463,896,17,188,2,250,612,16,91,23821,955,Python,True,True,True,True,False,False
xstate,1095,185,317,5242,159,100,1071,110,1571,23776,156048,TypeScript,True,True,True,False,True,True
emscripten,3077,596,715,25513,229,1304,6894,244,10604,23743,266450,C,True,True,True,True,False,True
weekly,2804,1568,71,959,2,1,337,0,141,23741,8662,JavaScript,True,True,True,True,False,False
seata,8466,854,266,1671,31,681,2513,113,2225,23734,14319,Java,True,True,True,True,False,True
mongo,5516,1223,663,72680,118,,,70,1451,23726,967102,C++,False,True,True,True,False,False
bevy,2391,264,688,4228,26,1019,2039,419,4258,23725,68988,Rust,True,True,True,False,True,True
alpine,1052,209,231,1911,63,0,587,6,745,23718,7386,HTML,True,False,True,False,False,True
Complete-Python-3-Bootcamp,78907,2647,3,67,1,106,204,78,124,23711,37125,Jupyter Notebook,True,True,True,True,False,False
plyr,2818,417,181,2294,3,794,1194,26,508,23688,65827,JavaScript,True,False,True,False,False,True
NewPipe,2657,581,794,10698,3,1175,6774,59,1905,23683,68262,Java,True,True,True,True,False,False
CheatSheetSeries,3417,547,335,1573,3,33,308,2,761,23673,1306031,Python,True,True,True,False,True,False
stanford_alpaca,3392,303,7,37,1,134,84,18,26,23673,9364,Python,True,True,True,True,False,False
pnpm,711,130,205,8287,154,1110,2206,22,2460,23661,134786,TypeScript,True,True,True,False,False,True
devtools,4100,520,125,2082,15,433,1104,38,383,23628,14787,TypeScript,True,True,True,False,False,True
Signal-Android,5770,904,275,12324,4,265,9907,9,2665,23623,960740,Java,True,False,True,True,False,False
react-native-elements,4535,377,381,2389,10,63,1980,13,1596,23619,163385,TypeScript,True,True,True,False,True,True
BaseRecyclerViewAdapterHelper,5028,571,37,1423,8,537,2929,18,264,23556,65316,Kotlin,True,True,True,True,False,False
hammer.js,2656,533,87,1199,9,273,763,34,216,23531,10221,JavaScript,True,True,True,True,False,False
Depix,2901,394,10,54,3,,,1,27,23510,847,Python,False,True,True,False,False,False
quasar,3183,473,639,13043,12,377,6847,97,4312,23498,279360,JavaScript,True,True,True,False,False,True
Vundle.vim,2591,704,63,629,16,163,551,44,198,23494,935,Vim script,True,True,True,True,True,False
numpy,8104,585,1479,32309,28,1985,9449,176,12105,23495,124594,Python,True,True,True,True,False,False
fe-interview,3152,656,6,1619,2,5361,24,3,14,23495,6656,JavaScript,True,True,True,True,False,False
Python-programming-exercises,6598,824,2,25,1,61,11,93,20,23493,778,,True,True,True,True,False,False
components,6513,929,672,10708,91,1762,12330,158,12731,23491,100363,TypeScript,True,True,True,True,False,True
nsq,2858,841,124,2258,2,51,575,13,793,23452,13989,Go,True,False,True,False,False,False
docsify,5568,264,175,1679,43,200,969,58,746,23451,26436,JavaScript,True,True,True,True,True,True
feather,1210,264,39,643,26,378,231,107,469,23450,15559,JavaScript,True,True,True,True,False,False
YesPlayMusic,3456,204,54,651,5,444,1108,4,361,23438,48244,Vue,True,True,True,True,False,True
rollup,1344,259,347,5260,16,432,2608,18,1918,23434,25374,JavaScript,True,True,True,True,False,True
tools,670,191,213,4150,33,79,1256,11,2922,23426,143558,Rust,True,True,False,False,False,True
aos,2430,314,20,259,15,306,352,27,109,23414,1465,JavaScript,True,True,True,True,True,False
remix,1910,216,544,3992,34,221,1345,94,2892,23408,36883,TypeScript,True,False,True,False,False,True
awesome-compose,4427,372,63,267,11,54,33,53,210,23408,6066,HTML,True,False,True,False,False,False
professional-programming,2017,641,26,355,1,0,17,2,42,23379,4628,Python,True,True,True,True,False,False
Hystrix,4699,1668,109,2109,10,342,681,52,753,23372,9784,Java,True,True,True,True,True,False
dnSpy,4571,958,69,3932,1,,,0,83,23324,35047,C#,False,False,True,True,False,False
RxSwift,4072,540,343,3664,20,14,1193,6,1277,23318,16237,Swift,True,True,True,True,False,False
flutter-go,3786,661,19,754,19,,,5,185,23309,117712,Dart,False,False,True,False,False,False
mdb-ui-kit,3538,786,108,1465,5,8,1160,1,335,23303,49191,SCSS,True,True,True,True,True,False
Web,5929,658,1,816,1,45,136,10,67,23302,7285,,True,True,True,True,False,False
docz,1502,183,135,1609,6,107,1136,0,485,23264,10072,TypeScript,True,True,True,False,False,True
awesome-swift,3041,914,614,3918,2,1,129,1,1670,23263,6931,Ruby,True,True,True,False,True,False
pkg,992,271,68,1135,8,45,1325,12,270,23251,41256,JavaScript,True,False,True,True,False,True
gitlabhq,5735,986,1969,110447,2200,,,13,3608,23248,1453378,Ruby,False,False,True,False,False,False
eShopOnContainers,9930,1491,165,4199,31,30,1204,14,798,23200,659359,C#,True,True,True,True,False,True
devise,5563,479,554,3823,26,135,4025,66,1340,23186,5785,Ruby,True,False,True,True,True,False
go,6168,1592,41,411,4,2,46,30,110,23153,1378,,True,True,True,True,True,False
redash,4020,591,392,7314,223,520,1772,261,3403,23137,27933,Python,True,True,True,False,True,True
pocketbase,925,156,33,682,5,37,662,0,124,23137,32912,Go,True,True,True,False,False,True
jax,2151,306,504,16065,324,1147,3032,286,9611,23131,78737,Python,True,False,True,False,False,True
discord.js,3832,439,462,7538,13,84,3603,52,5076,23099,42764,TypeScript,True,True,True,False,False,True
ink,562,109,100,549,11,35,268,4,262,23076,1631,TypeScript,True,True,True,False,False,True
k3s,2047,283,1817,2749,26,187,4024,30,2786,23076,580099,Go,True,True,True,True,False,True
lightning,2886,231,846,9254,156,595,5513,47,8847,23063,125335,Python,True,True,True,False,False,True
rufus,2270,544,120,2038,7,12,2022,0,189,23058,36082,C,True,True,True,True,True,False
iTerm2-Color-Schemes,6439,345,172,681,2,17,82,1,305,23052,138907,Shell,True,True,True,False,True,False
Mask_RCNN,11442,590,42,203,1,1832,837,115,164,23047,122597,Python,True,True,True,True,False,False
taichi,2187,396,220,10596,232,667,1746,39,5482,23040,58251,C++,True,True,True,True,False,True
faas,1848,495,161,2110,4,27,793,3,912,23038,28329,Go,True,False,True,False,False,False
servo,2710,498,1137,45523,135,3405,8410,73,17763,23027,1307670,,True,True,True,True,False,True
CodeHub,657,6662,10,593,7,234,406,3,21,22997,75636,C#,True,False,True,True,True,False
pure,2533,745,71,871,3,3,570,3,539,22989,5173,JavaScript,True,False,True,False,False,True
ramda,1462,271,315,2987,2,132,1469,26,1709,22975,8491,JavaScript,True,True,True,True,False,True
streisand,2037,631,139,1424,7,211,929,27,622,22970,4116,Shell,True,True,True,True,False,False
spacemacs,4947,503,1172,12580,24,334,8020,45,7526,22962,61436,Emacs Lisp,True,True,True,True,False,True
awesome-sysadmin,2863,1304,141,515,2,72,26,191,301,22943,592,,True,True,True,True,True,False
coder2gwy,3394,358,3,58,1,117,26,1,3,22943,520,,True,False,True,False,False,False
ngrok,4254,669,24,328,4,220,610,14,65,22919,858,Go,True,True,True,False,False,False
hosts,1985,564,132,3412,1,47,1602,3,600,22913,685653,Python,True,True,True,True,False,True
viper,1880,250,145,571,7,367,424,97,545,22914,1301,Go,True,True,True,True,False,True
Wox,2377,533,108,2753,6,987,2413,14,452,22889,98270,C#,True,False,True,True,False,False
HowToLiveLonger,1563,204,7,58,1,79,35,8,15,22948,70,,True,True,True,True,False,False
PhotoSwipe,3334,545,70,697,4,595,1177,0,223,22857,30540,JavaScript,True,True,True,True,False,True
editor.js,1767,228,63,707,57,431,803,49,905,22836,20326,TypeScript,True,True,True,False,False,True
vapor,1409,532,227,5700,22,97,1467,22,1364,22813,16637,Swift,True,False,True,False,False,False
architecture-components-samples,8326,897,64,636,27,147,537,42,330,22792,21556,Kotlin,True,True,False,False,False,False
glances,1376,496,151,4870,12,193,1448,2,669,22790,38290,Python,True,True,True,True,True,True
react-redux,3346,419,279,1139,4,15,1198,3,729,22784,7514,TypeScript,True,False,True,False,False,True
coc.nvim,917,129,238,5640,18,36,3100,16,1117,22747,68785,TypeScript,True,False,True,True,False,True
apollo,9197,1116,306,19204,32,499,3461,87,10857,22729,3179449,C++,True,False,True,True,True,False
eslint,4131,316,949,8910,56,111,9498,16,6710,22677,39163,JavaScript,True,True,True,False,False,True
croc,980,243,79,1757,35,98,274,17,173,22673,24647,Go,True,False,True,False,False,False
logrus,2235,318,256,1229,13,3,657,69,650,22629,980,Go,True,True,True,True,False,False
90DaysOfDevOps,5346,510,91,1542,3,5,67,5,312,22605,301007,Shell,True,True,True,True,True,True
netron,2470,289,1,6773,2,26,906,1,163,22570,48146,JavaScript,True,False,True,False,True,False
sails,1974,650,239,7161,79,490,5849,74,852,22566,13135,JavaScript,True,False,True,False,True,False
tachiyomi,2494,575,570,5791,1,431,6738,18,2179,22558,52743,Kotlin,True,False,True,False,False,True
algorithms,4478,641,193,954,4,56,100,144,601,22550,1452,Python,True,True,True,True,False,False
GitHubDaily,2595,1081,3,87,1,127,154,2,9,22542,2855,,True,True,True,True,False,False
server,3508,560,875,67647,720,2054,13875,391,20840,22540,3289509,PHP,True,True,True,True,True,False
react-three-fiber,1299,199,183,2399,14,46,795,12,588,22535,23446,TypeScript,True,True,True,False,False,True
mostly-adequate-guide,1841,562,169,853,2,71,203,16,351,22531,5412,JavaScript,True,True,True,True,False,False
guzzle,2387,455,351,3634,5,10,1792,5,1322,22517,9953,PHP,True,False,True,False,False,False
annotated_deep_learning_paper_implementations,2408,299,18,706,2,16,71,2,78,22511,149690,Jupyter Notebook,True,True,True,True,True,True
spleeter,2463,374,15,530,18,173,554,22,89,22499,9823,Python,True,True,True,True,False,False
NativeScript,1631,671,225,7242,103,917,5645,31,3471,22498,116148,TypeScript,True,True,True,True,False,True
Awesome,2211,710,138,523,2,46,79,73,292,22485,683,,True,True,True,True,False,False
cascadia-code,740,247,16,196,3,113,457,4,90,22485,19187,Python,True,True,True,True,False,False
v2ray-core,3598,405,132,6357,23,44,713,31,896,22490,68205,Go,True,True,True,False,False,True
ember.js,4296,874,818,22188,66,375,6277,93,10041,22450,78470,JavaScript,True,True,True,False,False,False
octotree,1876,380,66,718,1,37,719,0,385,22446,82923,JavaScript,True,False,True,False,False,True
redux-saga,2037,256,321,1939,11,17,1455,3,870,22445,8916,JavaScript,True,True,True,True,True,True
awesome-vscode,1176,489,186,701,3,20,25,45,279,22424,10573,JavaScript,True,True,True,True,True,False
idiomatic.js,3184,914,90,504,5,33,48,20,155,22421,1237,,True,True,True,True,False,False
react-navigation,4901,327,176,2627,44,616,8435,26,1646,22415,60950,TypeScript,True,True,True,False,False,True
hub,2370,591,243,3329,17,242,1780,47,773,22415,7319,Go,True,True,False,False,True,False
draft-js,2701,334,252,1201,142,797,978,161,1202,22383,36831,JavaScript,True,True,True,True,True,False
blog,2407,5079,2,94,1,10,5,0,6,22376,19107,,True,True,True,True,False,False
docker_practice,5525,853,107,1205,5,3,201,1,312,22366,11860,Go,True,True,True,True,True,False
logseq,1349,181,208,11406,88,1396,4859,38,2625,22366,131676,Clojure,True,True,True,False,False,True
awesome-piracy,2002,686,118,585,1,162,138,96,298,22354,2170,HTML,True,False,True,False,False,False
copilot-docs,2444,411,9,34,3,,,19,20,22334,53737,,False,False,True,False,False,True
core-js,1635,251,118,5204,6,29,852,7,314,22330,39451,JavaScript,True,False,True,False,True,True
mpv,2602,483,415,50219,38,835,7610,119,3037,22330,100045,C,True,True,True,True,False,False
sweetalert,2897,460,62,363,14,160,548,33,257,22248,5478,TypeScript,True,True,True,True,True,False
openzeppelin-contracts,11380,655,403,3186,39,153,1481,56,2454,22247,32978,JavaScript,True,False,True,False,False,False
stablediffusion,2716,300,17,87,5,141,53,30,31,22248,75263,Python,True,True,True,True,False,False
localForage,1250,314,105,1124,10,203,498,35,337,22217,4857,JavaScript,True,True,True,True,True,True
react-redux-links,2494,741,56,401,1,16,22,16,86,22200,1588,,True,True,True,True,False,False
jellyfin,2068,296,895,24113,19,773,4129,98,4003,22176,59496,C#,True,True,True,False,False,True
ML-From-Scratch,4367,941,6,374,1,32,36,18,17,22148,553,Python,True,True,True,True,False,False
flv.js,3378,614,17,431,15,406,301,25,52,22117,1672,JavaScript,True,True,True,True,True,False
wepy,3067,725,169,2454,32,352,1794,31,661,22114,9541,JavaScript,True,True,True,True,False,False
react-admin,4898,275,544,16493,57,99,4055,28,4724,22113,339322,TypeScript,True,False,True,False,True,False
gson,4233,745,140,1822,12,290,1237,107,689,22109,12044,Java,True,False,False,False,False,False
ipfs,1487,999,78,406,3,5,212,1,154,22092,2298,,True,False,True,False,False,True
AgentGPT,7561,237,41,632,55,82,141,10,248,22086,19819,TypeScript,True,True,True,False,False,True
Telegram,7410,1195,16,499,2,,,240,363,22062,405272,Java,False,True,True,False,False,False
zig,1650,283,676,24056,25,2191,6229,130,7092,22061,260079,Zig,True,True,True,True,False,False
leetcode,3958,287,112,7497,1,0,32,0,952,22039,517309,Java,True,False,True,False,True,True
stb,7549,611,189,2149,2,90,641,78,568,22022,5484,C,True,True,True,False,False,True
fairseq,5439,370,303,2288,65,883,2961,105,1148,22014,24646,Python,True,True,True,False,False,False
envoy,4252,599,1009,18084,29,1374,7895,126,17977,22011,208622,C++,True,True,True,True,False,False
mocha,3002,397,485,3601,33,255,2622,37,2008,22007,22206,JavaScript,True,False,True,True,False,True
intro.js,2627,460,102,1300,17,42,728,21,1093,21997,45028,HTML,True,False,True,False,True,False
chosen,4184,672,104,1287,9,249,2123,56,707,21978,3057,HTML,True,True,True,False,True,False
flow,1872,400,756,15957,185,1674,4948,61,2219,21976,119288,OCaml,True,True,True,True,False,False
go-patterns,2038,618,11,72,2,15,13,48,43,21977,927,Go,True,True,True,False,True,False
zod,755,46,224,1828,47,188,1096,74,483,21956,4721,TypeScript,True,True,True,True,False,True
github1s,798,108,43,351,5,55,145,3,288,21947,17150,TypeScript,True,True,True,True,False,True
chinese-independent-developer,2016,1024,115,978,2,2,71,0,172,21945,1350,,True,True,True,True,True,True
OpenBBTerminal,2165,250,194,5408,68,182,1590,18,3053,21945,1560046,Python,True,True,True,False,True,True
polymer,2027,866,147,6878,76,45,3865,13,1426,21941,30658,HTML,True,True,True,True,False,False
autocomplete,5020,78,392,4293,157,121,353,37,1408,21939,24923,TypeScript,True,False,True,True,False,False
SwiftyJSON,3397,628,139,745,7,109,583,20,396,21919,1116,Swift,True,True,True,False,False,False
python-telegram-bot,4758,598,200,2567,9,11,1881,7,1482,21910,12819,Python,True,True,True,True,False,True
algo,6963,843,113,1065,1,102,22,50,359,21907,1173,Python,True,True,True,True,False,False
homebridge,1964,650,109,1455,7,21,2920,2,371,21905,3262,TypeScript,True,False,True,True,True,False
react-starter-kit,4145,537,6,55,8,3,1182,1,839,21903,16507,TypeScript,True,False,True,True,False,True
RedisDesktopManager,3266,623,77,2166,8,46,4494,4,558,21884,78590,C++,True,False,True,False,False,True
setup-ipsec-vpn,5886,653,20,1290,1,1,1258,1,92,21881,7352,Shell,True,False,True,False,False,False
MonitorControl,679,153,65,234,2,63,720,0,233,21877,29797,Swift,True,True,True,True,True,True
DeepSpeech,3732,658,136,3466,61,110,1975,18,1646,21877,50567,C++,True,True,True,True,False,False
backstage,4045,215,1099,40476,313,349,3758,93,12887,21864,3103637,TypeScript,True,True,True,False,True,True
helix,1536,153,578,4510,17,853,2058,285,2929,21825,28200,Rust,True,True,True,True,True,True
chatgpt-web,8360,158,70,368,3,240,1168,28,244,21820,5774,Vue,True,True,True,True,False,False
Ryujinx,2112,314,166,2799,3,403,1543,64,2844,21824,28671,C#,True,True,True,True,False,False
skywalking,6202,849,434,7588,9,66,4714,0,4688,21803,168155,Java,True,False,True,False,False,True
mediapipe,4559,499,32,2046,7,247,3849,85,225,21789,597310,C++,True,True,True,True,True,False
windows95,1279,451,17,197,7,124,106,9,52,21786,3822,TypeScript,True,False,True,False,False,False
tdesktop,4497,791,155,14785,10,790,11749,15,1601,21786,201083,C++,True,False,True,True,False,False
iosched,6260,1448,58,3139,7,55,187,22,148,21745,58059,Kotlin,True,True,True,False,False,False
react-bootstrap,3513,428,469,4457,20,127,3291,38,3146,21705,30603,TypeScript,True,True,True,True,False,False
penpot,1009,190,127,10035,52,254,804,9,1931,21679,108992,Clojure,True,False,True,False,False,True
openssl,9163,992,779,33058,22,1876,6526,282,12150,21673,284339,C,True,True,True,True,False,False
faiss,2930,449,114,813,23,300,1762,12,711,21670,125132,C++,True,True,True,True,True,True
howler.js,2168,364,94,889,2,301,1042,42,221,21661,32214,JavaScript,True,False,True,False,False,True
exa,634,144,151,1605,3,257,588,55,290,21636,3876,Rust,True,False,True,False,False,False
termux-app,2553,1057,69,1428,7,288,2026,39,273,21633,4329,Java,True,False,True,True,False,True
elixir,3050,678,1204,19163,18,13,4933,1,7590,21624,65437,Elixir,True,False,True,True,False,False
freqtrade,4714,593,266,20892,14,38,3769,15,4787,21618,169695,Python,True,True,True,True,False,False
NLP-progress,3574,1276,289,791,1,35,65,14,521,21613,1345,Python,True,True,True,True,True,False
notable,1109,206,21,460,2,677,903,1,73,21610,8943,,True,False,True,False,False,False
srs,4973,843,89,8529,12,179,1033,26,574,21581,249489,C++,True,False,True,True,False,False
firecracker,1539,339,197,4358,31,120,1203,28,2293,21579,26687,Rust,True,True,True,False,False,True
micro,1118,259,268,2823,23,689,1264,89,703,21541,12767,Go,True,True,True,True,False,True
directus,2708,300,299,10317,104,204,6130,23,6163,21533,380441,TypeScript,True,True,True,True,False,True
dragula,1992,361,39,366,3,106,407,50,139,21527,1942,JavaScript,True,True,True,False,True,False
fish-shell,1703,283,789,17263,30,451,6268,9,2936,21515,77750,C++,True,True,True,True,False,True
scrollreveal,2192,418,22,950,2,26,452,1,52,21513,1140,JavaScript,True,False,True,True,False,False
pumpkin-book,4608,627,26,442,1,16,53,0,59,21514,10594,,True,True,True,True,True,False
vuepress,4776,265,376,2145,33,487,1420,85,1131,21511,14870,JavaScript,True,True,True,True,False,False
docker-cheat-sheet,4593,756,96,432,2,5,22,1,167,21501,747,,True,True,True,True,False,False
celery,4484,480,1060,12190,87,554,4295,64,2863,21503,34535,Python,True,True,True,True,False,True
highlight.js,3471,301,641,6509,11,77,1881,13,1788,21498,14497,JavaScript,True,True,True,True,False,False
wttr.in,995,224,164,1256,4,245,321,14,277,21494,1638,Python,True,True,True,True,False,True
libgdx,6418,1178,547,15225,3,208,3396,76,3427,21485,1102224,Java,True,True,True,True,False,False
react-motion,1203,285,72,809,25,149,249,44,184,21468,5349,JavaScript,True,True,True,True,True,False
awesome-actions,1376,292,282,1252,3,14,25,91,497,21455,1083,,True,True,True,True,False,False
table,2794,164,360,2155,5,90,2139,21,937,21452,21330,TypeScript,True,True,True,False,False,True
passport,1213,317,34,617,15,329,416,36,114,21451,614,JavaScript,True,True,True,True,False,True
v2rayNG,3435,453,30,68,1,186,1716,1,182,21449,233210,Kotlin,True,True,True,True,False,True
libuv,3360,703,506,5159,7,104,1454,46,2155,21430,17936,C,True,False,True,False,False,True
javascript-testing-best-practices,1894,323,69,1009,50,46,14,13,176,21423,10454,JavaScript,True,True,True,True,False,False
Hero,1717,367,78,558,3,33,564,0,149,21405,31215,Swift,True,False,True,True,True,True
bitcoinbook,5594,1081,184,3915,2,70,298,54,618,21395,49091,AsciiDoc,True,True,True,False,False,False
aseprite,2048,418,71,9087,21,1348,1960,13,467,21382,38004,C++,True,True,True,False,False,False
api-guidelines,2620,635,71,705,36,90,100,26,205,21342,2205,,True,False,True,False,False,False
llama,3422,223,6,11,1,190,64,35,16,21347,36,Python,True,True,True,False,False,False
TDengine,4656,708,155,51172,240,933,2937,30,17278,21328,284739,C,True,False,True,False,False,False
vant,9471,369,280,9506,10,28,6682,6,4854,21308,242210,TypeScript,True,False,True,True,True,True
locust,2690,435,240,3982,52,11,1427,1,897,21308,7479,Python,True,True,True,True,False,False
WaveFunctionCollapse,1133,507,16,140,1,1,46,0,33,21303,31094,C#,True,True,True,True,False,False
electron-react-boilerplate,3622,276,160,1110,7,59,1765,14,1563,21283,17536,TypeScript,True,True,True,False,False,False
turbo,1433,121,329,4547,186,364,737,105,3028,21275,511321,Rust,True,False,True,False,True,True
homemade-machine-learning,3896,937,3,252,1,11,14,11,10,21264,14827,Jupyter Notebook,True,False,True,False,False,False
validator.js,2146,226,445,2205,3,139,853,136,1086,21263,5429,JavaScript,True,True,True,True,False,False
Kingfisher,2406,363,177,2586,7,90,1195,3,700,21255,5837,Swift,True,False,True,True,False,True
DesignPatternsPHP,4520,1214,177,1277,5,1,111,1,372,21251,6143,PHP,True,True,True,False,False,True
awesome-datascience,5449,1400,213,990,1,0,49,0,335,21236,1461,,True,True,True,True,True,True
pug,1972,548,252,2572,11,279,2268,21,833,21229,14862,JavaScript,True,False,True,False,True,False
trilium,1417,242,82,6391,31,805,2114,20,268,21224,110178,JavaScript,True,False,True,True,True,True
flink,11987,945,1130,33307,109,,,1022,21544,21223,496677,Java,False,False,True,False,False,False
vegeta,1286,322,57,671,30,85,304,25,199,21203,1736,Go,True,True,True,True,False,False
gfwlist,3983,727,9,3613,1,444,1928,1,26,21201,78558,,True,True,True,True,False,False
Rectangle,611,87,105,1076,2,70,431,0,217,21185,4872,Swift,True,True,True,True,False,True
v8,3833,973,462,82139,5473,,,1,65,21184,1300193,C++,False,False,True,True,False,False
CyberChef,2494,363,118,3570,2,261,523,104,509,21131,88589,JavaScript,True,True,True,True,True,False
redisson,5052,891,125,7957,3,317,4122,37,517,21117,22886,Java,True,False,True,True,False,True
dapr,1651,424,220,4140,45,338,2514,45,3266,21114,118347,Go,True,False,True,False,False,False
tornado,5486,997,371,4591,25,188,1579,26,1468,21107,10033,Python,True,True,True,True,True,False
dracula-theme,2225,185,66,580,1,5,624,0,121,21086,1225,,True,False,True,False,False,True
refined-github,1439,213,295,3449,10,146,3332,1,3101,21081,21775,TypeScript,True,False,True,True,False,False
rancher,2800,635,210,10355,285,2363,28805,116,9671,21031,141676,Go,True,True,True,True,False,False
lens,1266,252,108,3935,254,872,2370,14,4428,21001,693478,TypeScript,True,True,True,False,True,True
masscan,2914,657,50,705,6,343,165,44,156,20997,3496,C,True,True,True,True,True,False
lux,2462,355,90,793,1,430,498,7,289,20989,2557,Go,True,False,True,False,False,False
normalizr,896,201,62,455,39,,,0,193,20984,2471,JavaScript,False,False,True,False,False,True
autoprefixer,1299,383,181,2610,4,35,1099,2,333,20983,8024,JavaScript,True,False,True,False,True,False
Sentinel,7588,789,185,804,41,537,1517,183,795,20950,7753,Java,True,True,True,True,False,True
games,2804,891,141,648,1,173,85,136,262,20923,510,,True,True,True,False,False,False
hosts,10627,1284,9,601,3,66,353,2,86,20921,13238,,True,False,True,True,False,False
wiki,2323,303,195,2093,3,55,2407,78,530,20919,37602,Vue,True,True,True,False,False,True
flameshot,1322,204,225,1867,20,407,1696,20,933,20890,23414,C++,True,True,True,False,False,True
awesome-deep-learning,5830,1216,137,533,2,4,14,21,187,20869,832,,True,True,True,True,True,False
vnpy,7879,1346,119,6554,3,10,1964,0,1421,20845,253895,Python,True,True,True,True,False,False
The-Art-Of-Programming-By-July-2nd,7176,1863,105,3690,1,47,83,21,322,20838,27547,C,True,True,True,True,False,False
modern-cpp-tutorial,2765,628,77,280,1,5,108,0,138,20828,39501,C++,True,False,True,False,False,True
API-Security-Checklist,2494,532,83,335,1,11,28,1,134,20819,484,,True,True,True,True,False,False
tips,1753,569,79,402,4,17,17,11,160,20815,393,JavaScript,True,True,True,True,False,False
IntelliJ-IDEA-Tutorial,7364,1780,29,478,1,1,76,0,74,20800,151086,,True,True,True,True,False,False
bazel,3763,612,879,35884,131,1808,9429,178,6333,20800,912932,Java,True,True,True,True,False,True
the-swift-programming-language-in-chinese,5160,1284,230,2527,14,11,398,1,813,20782,41134,CSS,True,True,True,True,True,False
jenkins,8081,864,745,33692,38,,,68,7884,20778,152554,Java,False,False,False,False,False,False
gentelella,6843,1097,64,458,9,36,609,20,241,20751,35085,HTML,True,False,True,True,True,False
k9s,1330,144,193,1431,27,386,1043,47,612,20747,63797,Go,True,True,True,True,False,False
nanoid,748,158,120,968,4,5,202,0,202,20742,4603,JavaScript,True,False,True,False,True,True
react-native-web,1780,334,167,1930,15,59,1632,14,686,20738,94458,JavaScript,True,False,True,False,True,True
WeChatExtension-ForMac,3499,296,18,1054,2,819,853,0,72,20726,198245,Objective-C,True,True,True,True,False,True
en.javascript.info,3599,342,783,6432,27,118,680,108,2527,20721,756073,HTML,True,False,True,False,False,True
ExoPlayer,5951,854,232,15057,4,727,9191,35,1144,20700,323930,Java,True,True,True,False,True,False
awesome-falsehood,502,381,37,494,3,1,24,1,119,20698,2285,,True,False,True,False,False,False
RevokeMsgPatcher,2667,233,4,240,3,43,447,0,9,20694,3630,C#,True,True,True,True,False,True
security-guide-for-developers,1616,1109,23,146,2,8,4,11,31,20690,5838,,True,True,True,True,False,False
es6tutorial,8957,894,215,2105,1,0,549,1,603,20664,5557,JavaScript,True,True,True,True,True,False
js-cookie,2109,348,51,868,5,3,527,1,255,20645,794,JavaScript,True,False,True,True,False,True
30-Days-Of-React,5604,370,8,272,1,44,14,145,117,20646,18498,JavaScript,True,True,True,True,False,False
Rocket,1420,262,268,2233,8,45,1392,7,700,20633,7672,Rust,True,False,True,False,False,True
Babylon.js,3144,553,477,39947,10,100,2749,12,10937,20608,1041893,TypeScript,True,False,True,False,False,False
SummaryOfLoanSuspension,2229,343,135,1065,2,,,3,507,20574,188407,HTML,False,True,True,False,False,True
kratos,3796,442,248,1752,31,102,904,71,1723,20574,9422,Go,True,True,True,False,True,True
forem,3706,353,683,12587,142,560,4625,20,13421,20572,1358921,Ruby,True,True,True,True,False,True
generator-jhipster,3981,735,685,45181,32,274,7033,33,14733,20571,141764,TypeScript,True,True,True,False,False,False
novu,1364,135,281,11028,314,163,803,43,2268,20562,93152,TypeScript,True,False,True,False,False,True
PicGo,2056,174,15,501,6,20,995,3,35,20556,4217,TypeScript,True,True,True,True,True,False
ChromeAppHeroes,2244,636,3,799,10,15,31,12,15,20538,801397,JavaScript,True,True,True,True,True,True
daisyui,807,132,111,1987,4,87,960,6,185,20537,807653,Svelte,True,True,True,False,True,True
headlessui,848,168,77,595,10,10,888,3,525,20535,4639,TypeScript,True,True,True,False,False,True
delve,2054,383,197,2431,7,100,1435,11,1777,20527
